rolling_block,cutoff_idx,cutoff_date,target_idx,target_date,lead
1,1201,2024-12-31,1202,2025-01-01,1
1,1201,2024-12-31,1203,2025-01-02,2
1,1201,2024-12-31,1204,2025-01-03,3
1,1201,2024-12-31,1205,2025-01-06,4
1,1201,2024-12-31,1206,2025-01-07,5
1,1201,2024-12-31,1207,2025-01-08,6
1,1201,2024-12-31,1208,2025-01-09,7
1,1201,2024-12-31,1209,2025-01-10,8
1,1201,2024-12-31,1210,2025-01-13,9
1,1201,2024-12-31,1211,2025-01-14,10
1,1201,2024-12-31,1212,2025-01-15,11
1,1201,2024-12-31,1213,2025-01-16,12
1,1201,2024-12-31,1214,2025-01-17,13
1,1201,2024-12-31,1215,2025-01-20,14
1,1201,2024-12-31,1216,2025-01-21,15
1,1201,2024-12-31,1217,2025-01-22,16
1,1201,2024-12-31,1218,2025-01-23,17
1,1201,2024-12-31,1219,2025-01-24,18
1,1201,2024-12-31,1220,2025-01-27,19
1,1201,2024-12-31,1221,2025-01-28,20
1,1201,2024-12-31,1222,2025-01-29,21
1,1201,2024-12-31,1223,2025-01-30,22
2,1223,2025-01-30,1224,2025-01-31,1
2,1223,2025-01-30,1225,2025-02-03,2
2,1223,2025-01-30,1226,2025-02-04,3
2,1223,2025-01-30,1227,2025-02-05,4
2,1223,2025-01-30,1228,2025-02-06,5
2,1223,2025-01-30,1229,2025-02-07,6
2,1223,2025-01-30,1230,2025-02-10,7
2,1223,2025-01-30,1231,2025-02-11,8
2,1223,2025-01-30,1232,2025-02-12,9
2,1223,2025-01-30,1233,2025-02-13,10
2,1223,2025-01-30,1234,2025-02-14,11
2,1223,2025-01-30,1235,2025-02-17,12
2,1223,2025-01-30,1236,2025-02-18,13
2,1223,2025-01-30,1237,2025-02-19,14
2,1223,2025-01-30,1238,2025-02-20,15
2,1223,2025-01-30,1239,2025-02-21,16
2,1223,2025-01-30,1240,2025-02-24,17
2,1223,2025-01-30,1241,2025-02-25,18
2,1223,2025-01-30,1242,2025-02-26,19
2,1223,2025-01-30,1243,2025-02-27,20
2,1223,2025-01-30,1244,2025-02-28,21
2,1223,2025-01-30,1245,2025-03-03,22
3,1245,2025-03-03,1246,2025-03-04,1
3,1245,2025-03-03,1247,2025-03-05,2
3,1245,2025-03-03,1248,2025-03-06,3
3,1245,2025-03-03,1249,2025-03-07,4
3,1245,2025-03-03,1250,2025-03-10,5
3,1245,2025-03-03,1251,2025-03-11,6
3,1245,2025-03-03,1252,2025-03-12,7
3,1245,2025-03-03,1253,2025-03-13,8
3,1245,2025-03-03,1254,2025-03-14,9
3,1245,2025-03-03,1255,2025-03-17,10
3,1245,2025-03-03,1256,2025-03-18,11
3,1245,2025-03-03,1257,2025-03-19,12
3,1245,2025-03-03,1258,2025-03-20,13
3,1245,2025-03-03,1259,2025-03-21,14
3,1245,2025-03-03,1260,2025-03-24,15
3,1245,2025-03-03,1261,2025-03-25,16
3,1245,2025-03-03,1262,2025-03-26,17
3,1245,2025-03-03,1263,2025-03-27,18
3,1245,2025-03-03,1264,2025-03-28,19
3,1245,2025-03-03,1265,2025-03-31,20
3,1245,2025-03-03,1266,2025-04-01,21
3,1245,2025-03-03,1267,2025-04-02,22
4,1267,2025-04-02,1268,2025-04-03,1
4,1267,2025-04-02,1269,2025-04-04,2
4,1267,2025-04-02,1270,2025-04-07,3
4,1267,2025-04-02,1271,2025-04-08,4
4,1267,2025-04-02,1272,2025-04-09,5
4,1267,2025-04-02,1273,2025-04-10,6
4,1267,2025-04-02,1274,2025-04-11,7
4,1267,2025-04-02,1275,2025-04-14,8
4,1267,2025-04-02,1276,2025-04-15,9
4,1267,2025-04-02,1277,2025-04-16,10
4,1267,2025-04-02,1278,2025-04-17,11
4,1267,2025-04-02,1279,2025-04-18,12
4,1267,2025-04-02,1280,2025-04-22,13
4,1267,2025-04-02,1281,2025-04-23,14
4,1267,2025-04-02,1282,2025-04-24,15
4,1267,2025-04-02,1283,2025-04-25,16
4,1267,2025-04-02,1284,2025-04-28,17
4,1267,2025-04-02,1285,2025-04-29,18
4,1267,2025-04-02,1286,2025-04-30,19
4,1267,2025-04-02,1287,2025-05-01,20
4,1267,2025-04-02,1288,2025-05-02,21
4,1267,2025-04-02,1289,2025-05-05,22
5,1289,2025-05-05,1290,2025-05-06,1
5,1289,2025-05-05,1291,2025-05-07,2
5,1289,2025-05-05,1292,2025-05-08,3
5,1289,2025-05-05,1293,2025-05-09,4
5,1289,2025-05-05,1294,2025-05-12,5
5,1289,2025-05-05,1295,2025-05-13,6
5,1289,2025-05-05,1296,2025-05-14,7
5,1289,2025-05-05,1297,2025-05-15,8
5,1289,2025-05-05,1298,2025-05-16,9
5,1289,2025-05-05,1299,2025-05-19,10
5,1289,2025-05-05,1300,2025-05-20,11
5,1289,2025-05-05,1301,2025-05-21,12
5,1289,2025-05-05,1302,2025-05-22,13
5,1289,2025-05-05,1303,2025-05-23,14
5,1289,2025-05-05,1304,2025-05-26,15
5,1289,2025-05-05,1305,2025-05-27,16
5,1289,2025-05-05,1306,2025-05-28,17
5,1289,2025-05-05,1307,2025-05-29,18
5,1289,2025-05-05,1308,2025-05-30,19
5,1289,2025-05-05,1309,2025-06-02,20
5,1289,2025-05-05,1310,2025-06-03,21
5,1289,2025-05-05,1311,2025-06-04,22
6,1311,2025-06-04,1312,2025-06-05,1
6,1311,2025-06-04,1313,2025-06-06,2
6,1311,2025-06-04,1314,2025-06-09,3
6,1311,2025-06-04,1315,2025-06-10,4
6,1311,2025-06-04,1316,2025-06-11,5
6,1311,2025-06-04,1317,2025-06-12,6
6,1311,2025-06-04,1318,2025-06-13,7
6,1311,2025-06-04,1319,2025-06-16,8
6,1311,2025-06-04,1320,2025-06-17,9
6,1311,2025-06-04,1321,2025-06-18,10
6,1311,2025-06-04,1322,2025-06-19,11
6,1311,2025-06-04,1323,2025-06-20,12
6,1311,2025-06-04,1324,2025-06-23,13
6,1311,2025-06-04,1325,2025-06-24,14
6,1311,2025-06-04,1326,2025-06-25,15
6,1311,2025-06-04,1327,2025-06-26,16
6,1311,2025-06-04,1328,2025-06-27,17
6,1311,2025-06-04,1329,2025-06-30,18
6,1311,2025-06-04,1330,2025-07-01,19
6,1311,2025-06-04,1331,2025-07-02,20
6,1311,2025-06-04,1332,2025-07-03,21
6,1311,2025-06-04,1333,2025-07-04,22
7,1333,2025-07-04,1334,2025-07-07,1
7,1333,2025-07-04,1335,2025-07-08,2
7,1333,2025-07-04,1336,2025-07-09,3
7,1333,2025-07-04,1337,2025-07-10,4
7,1333,2025-07-04,1338,2025-07-11,5
7,1333,2025-07-04,1339,2025-07-14,6
7,1333,2025-07-04,1340,2025-07-15,7
7,1333,2025-07-04,1341,2025-07-16,8
7,1333,2025-07-04,1342,2025-07-17,9
7,1333,2025-07-04,1343,2025-07-18,10
7,1333,2025-07-04,1344,2025-07-21,11
7,1333,2025-07-04,1345,2025-07-22,12
7,1333,2025-07-04,1346,2025-07-23,13
7,1333,2025-07-04,1347,2025-07-24,14
7,1333,2025-07-04,1348,2025-07-25,15
7,1333,2025-07-04,1349,2025-07-28,16
7,1333,2025-07-04,1350,2025-07-29,17
7,1333,2025-07-04,1351,2025-07-30,18
7,1333,2025-07-04,1352,2025-07-31,19
7,1333,2025-07-04,1353,2025-08-01,20
7,1333,2025-07-04,1354,2025-08-04,21
7,1333,2025-07-04,1355,2025-08-05,22
8,1355,2025-08-05,1356,2025-08-06,1
8,1355,2025-08-05,1357,2025-08-07,2
8,1355,2025-08-05,1358,2025-08-08,3
8,1355,2025-08-05,1359,2025-08-11,4
8,1355,2025-08-05,1360,2025-08-12,5
8,1355,2025-08-05,1361,2025-08-13,6
8,1355,2025-08-05,1362,2025-08-14,7
8,1355,2025-08-05,1363,2025-08-15,8
8,1355,2025-08-05,1364,2025-08-18,9
8,1355,2025-08-05,1365,2025-08-19,10
8,1355,2025-08-05,1366,2025-08-20,11
8,1355,2025-08-05,1367,2025-08-21,12
8,1355,2025-08-05,1368,2025-08-22,13
8,1355,2025-08-05,1369,2025-08-25,14
8,1355,2025-08-05,1370,2025-08-26,15
8,1355,2025-08-05,1371,2025-08-27,16
8,1355,2025-08-05,1372,2025-08-28,17
8,1355,2025-08-05,1373,2025-08-29,18
8,1355,2025-08-05,1374,2025-09-01,19
8,1355,2025-08-05,1375,2025-09-02,20
8,1355,2025-08-05,1376,2025-09-03,21
8,1355,2025-08-05,1377,2025-09-04,22
9,1377,2025-09-04,1378,2025-09-05,1
9,1377,2025-09-04,1379,2025-09-08,2
9,1377,2025-09-04,1380,2025-09-09,3
9,1377,2025-09-04,1381,2025-09-10,4
9,1377,2025-09-04,1382,2025-09-11,5
9,1377,2025-09-04,1383,2025-09-12,6
9,1377,2025-09-04,1384,2025-09-15,7
9,1377,2025-09-04,1385,2025-09-16,8
9,1377,2025-09-04,1386,2025-09-17,9
9,1377,2025-09-04,1387,2025-09-18,10
9,1377,2025-09-04,1388,2025-09-19,11
9,1377,2025-09-04,1389,2025-09-22,12
9,1377,2025-09-04,1390,2025-09-23,13
9,1377,2025-09-04,1391,2025-09-24,14
9,1377,2025-09-04,1392,2025-09-25,15
9,1377,2025-09-04,1393,2025-09-26,16
9,1377,2025-09-04,1394,2025-09-29,17
9,1377,2025-09-04,1395,2025-09-30,18
9,1377,2025-09-04,1396,2025-10-01,19
9,1377,2025-09-04,1397,2025-10-02,20
9,1377,2025-09-04,1398,2025-10-03,21
9,1377,2025-09-04,1399,2025-10-06,22
10,1399,2025-10-06,1400,2025-10-07,1
10,1399,2025-10-06,1401,2025-10-08,2
10,1399,2025-10-06,1402,2025-10-09,3
10,1399,2025-10-06,1403,2025-10-10,4
10,1399,2025-10-06,1404,2025-10-13,5
10,1399,2025-10-06,1405,2025-10-14,6
10,1399,2025-10-06,1406,2025-10-15,7
10,1399,2025-10-06,1407,2025-10-16,8
10,1399,2025-10-06,1408,2025-10-17,9
10,1399,2025-10-06,1409,2025-10-20,10
10,1399,2025-10-06,1410,2025-10-21,11
10,1399,2025-10-06,1411,2025-10-22,12
10,1399,2025-10-06,1412,2025-10-23,13
10,1399,2025-10-06,1413,2025-10-24,14
10,1399,2025-10-06,1414,2025-10-27,15
10,1399,2025-10-06,1415,2025-10-28,16
10,1399,2025-10-06,1416,2025-10-29,17
10,1399,2025-10-06,1417,2025-10-30,18
10,1399,2025-10-06,1418,2025-10-31,19
10,1399,2025-10-06,1419,2025-11-03,20
10,1399,2025-10-06,1420,2025-11-04,21
10,1399,2025-10-06,1421,2025-11-05,22
11,1421,2025-11-05,1422,2025-11-06,1
11,1421,2025-11-05,1423,2025-11-07,2
11,1421,2025-11-05,1424,2025-11-10,3
11,1421,2025-11-05,1425,2025-11-11,4
11,1421,2025-11-05,1426,2025-11-12,5
11,1421,2025-11-05,1427,2025-11-13,6
11,1421,2025-11-05,1428,2025-11-14,7
11,1421,2025-11-05,1429,2025-11-17,8
11,1421,2025-11-05,1430,2025-11-18,9
11,1421,2025-11-05,1431,2025-11-19,10
11,1421,2025-11-05,1432,2025-11-20,11
11,1421,2025-11-05,1433,2025-11-21,12
11,1421,2025-11-05,1434,2025-11-24,13
11,1421,2025-11-05,1435,2025-11-25,14
11,1421,2025-11-05,1436,2025-11-26,15
11,1421,2025-11-05,1437,2025-11-27,16
11,1421,2025-11-05,1438,2025-11-28,17
11,1421,2025-11-05,1439,2025-12-01,18
11,1421,2025-11-05,1440,2025-12-02,19
11,1421,2025-11-05,1441,2025-12-03,20
11,1421,2025-11-05,1442,2025-12-04,21
11,1421,2025-11-05,1443,2025-12-05,22
12,1443,2025-12-05,1444,2025-12-08,1
12,1443,2025-12-05,1445,2025-12-09,2
12,1443,2025-12-05,1446,2025-12-10,3
12,1443,2025-12-05,1447,2025-12-11,4
12,1443,2025-12-05,1448,2025-12-12,5
12,1443,2025-12-05,1449,2025-12-15,6
12,1443,2025-12-05,1450,2025-12-16,7
12,1443,2025-12-05,1451,2025-12-17,8
12,1443,2025-12-05,1452,2025-12-18,9
12,1443,2025-12-05,1453,2025-12-19,10
12,1443,2025-12-05,1454,2025-12-22,11
12,1443,2025-12-05,1455,2025-12-23,12
12,1443,2025-12-05,1456,2025-12-24,13
12,1443,2025-12-05,1457,2025-12-29,14
12,1443,2025-12-05,1458,2025-12-30,15
12,1443,2025-12-05,1459,2025-12-31,16
