Date,Forecast_Fraction_1,Forecast_Fraction_2,Forecast_Fraction_3,Forecast_Fraction_4,Forecast_Fraction_5,Forecast_Fraction_6,Forecast_Fraction_7,Forecast_Fraction_8,Forecast_Fraction_9,Forecast_Fraction_10,Forecast_Fraction_11,Forecast_Fraction_12,Forecast_Fraction_13
2025-01-01,0.2086746087359017,0.11664346556007345,0.10021835113924735,0.0635098622587101,0.11308674658790706,0.04151803444203361,0.014469047048210702,0.04789051386567067,0.055796285945135714,0.14593955461681274,0.059738806702506066,0.005316736703204213,0.026787569662595854
2025-01-02,0.21006176051707154,0.11649242055593426,0.10268218206499627,0.062449409674043416,0.11229056319396033,0.04186810927083695,0.0145073159535298,0.04711667355564669,0.05360705611155902,0.14721242830327969,0.06062349492522155,0.005333533254387973,0.025724086993034825
2025-01-03,0.20982577929529836,0.1166302746602422,0.10328013178555809,0.06239980632474866,0.11244068218405452,0.04196749447965274,0.014674970116210592,0.04732994363275343,0.05331679824124662,0.14707672119418277,0.059037751445131716,0.0053448650629534114,0.02558022344737658
2025-01-06,0.21095739949278688,0.11536410113527833,0.10306788601372788,0.06263962037771768,0.1125345732078629,0.041952713783677924,0.014604902391277784,0.04673924116391056,0.0537775818680314,0.14626756471233773,0.05915813393686731,0.00533376729641058,0.025669941135851717
2025-01-07,0.2107695956460171,0.11568809451774652,0.10316218709120184,0.06256232206375653,0.11255196905033935,0.041962612215950414,0.014624148746713441,0.04692689003050803,0.0536762992626734,0.1464357297020541,0.059138934202548885,0.005336591188032334,0.025561625587646446
2025-01-08,0.21058288116877294,0.11603195416936384,0.1032578328673882,0.06248478492241332,0.11256757771557357,0.04197209664032645,0.01464584516990915,0.047112751624336036,0.053581630079213495,0.14658572805146336,0.059117916650976765,0.005339442683213968,0.02545693731269161
2025-01-09,0.21039894128393138,0.11638623144689533,0.1033478955616595,0.06240908172858656,0.11258637292514835,0.0419815522373307,0.014668783836754634,0.047304667489455665,0.05350115307843133,0.146726497829581,0.05909279377370224,0.005342321281038245,0.02535144178985459
2025-01-10,0.21021109782054914,0.11675312757390724,0.10343364327972707,0.06233162201411249,0.11260022771233008,0.041990435902710704,0.014691145380197381,0.0474902283304271,0.05342344435610682,0.14689237506858951,0.05906351709812756,0.005345226431684999,0.025249229006938257
2025-01-13,0.21131337775844208,0.11544996701786585,0.10321659111331004,0.06256737256312682,0.1127152785249345,0.04197737915003074,0.014627382203624889,0.0468811810081729,0.05393273023095175,0.1460731727406233,0.05921909221491543,0.0053346611208310996,0.02533542271592467
2025-01-14,0.2111220657922113,0.1157945256572463,0.10330510240754326,0.062489392695511056,0.1127340624694054,0.04198617950599924,0.014650351517811496,0.04705606048413351,0.053851906947244135,0.14623353354702331,0.059200459313032264,0.005337607746254791,0.025233385337986882
2025-01-15,0.21091634691377115,0.11615513134457825,0.10338904542963386,0.0624122824112257,0.1127542167888806,0.04199552470615158,0.014674132762443915,0.047236802541196304,0.05377254422720998,0.14639048048325703,0.05919128965128314,0.0053404764108942624,0.025131648560611147
2025-01-16,0.2107278520143456,0.1165086793193347,0.10346895405110557,0.062334132578591855,0.11277356273368098,0.04200454745542254,0.014697768486364945,0.047411962974921305,0.053694181514189025,0.14654676286059806,0.0591828708671606,0.00534349788657195,0.025031133155974872
2025-01-17,0.21052596492768638,0.11686470735463239,0.10355603364498506,0.06225634497630759,0.11279569284811297,0.04201412671686937,0.014721281457855045,0.04759072627185588,0.05361309836561709,0.1466933948073481,0.05917412230128199,0.005346495680215169,0.02493161529194336
2025-01-20,0.21159515199056605,0.11553098189903954,0.10332416168013636,0.06248575219672231,0.11292096120306862,0.04200207391959898,0.014660115794274547,0.046956862697717205,0.054131880417577175,0.14591838167576837,0.05936046230159145,0.005336296026151478,0.02502700748169793
2025-01-21,0.21138483570805716,0.1158748771911973,0.10340732361858311,0.062406537494716044,0.11294443667219894,0.042011791664097575,0.014683933448526842,0.047134814964572794,0.05405562387961565,0.14607245747414635,0.05935781935338378,0.005339421448828389,0.024930339473153
2025-01-22,0.2111673716657256,0.11622300877399008,0.10349111300764047,0.06232632583939567,0.11296797843410583,0.04202153530708706,0.014708240785275278,0.04730782545605739,0.05398036396821498,0.14623624481080869,0.05935773534544392,0.005342508273217137,0.024834528132688105
2025-01-23,0.21095774960960237,0.11656304739525532,0.10357343218140604,0.06224156563206377,0.11299061762165254,0.042031278337286204,0.014732636576841252,0.04747843693039179,0.05390565818802575,0.14641536110760045,0.05935619677035697,0.0053455896339945205,0.02474204854139251
2025-01-24,0.21074235573981911,0.11690099585898951,0.1036537625723369,0.06216217284828866,0.11301263753112922,0.04204175479544063,0.014757150559628642,0.04764631407683981,0.0538254986724211,0.14658211350904368,0.059358735153056744,0.005348762160002159,0.024652118385987697
2025-01-27,0.21173937366013326,0.11552534586785518,0.10340710438104193,0.06238754770092195,0.1131430579271191,0.04203054970502857,0.014696780200193426,0.04698953404777056,0.05434947809643647,0.14585002426058394,0.05958541057702846,0.005338843741794928,0.024772313590905606
2025-01-28,0.21152305295095306,0.11584602122324396,0.10348231978849368,0.062304415155409985,0.11316242216397339,0.042039391077497934,0.014719800602539485,0.047150451539312764,0.0542764872270509,0.1460410933097496,0.059591435891942726,0.0053420532089209,0.02468738597610882
2025-01-29,0.2112941983336301,0.11617786955077966,0.10355454646480299,0.06222542768810795,0.11318273278279922,0.04204937590840011,0.014743718446614243,0.04731621648333536,0.054199192624132066,0.14622795025168028,0.05959294957492591,0.00534527225476249,0.024605524964849364
2025-01-30,0.21104830623906418,0.11651998902062848,0.103631597167554,0.06214614107961815,0.1132063242536489,0.042059480322255795,0.014768064932576826,0.0474813762626797,0.05412030162519458,0.14640602929857685,0.05959907846959898,0.005348499842310944,0.02452512612747722
2025-01-31,0.2124582537356251,0.11322605992910978,0.1021674196033311,0.06209104170513964,0.11212969714665214,0.041923027404854575,0.014626944785189902,0.04480299095039108,0.048199524293067515,0.14052414322763035,0.07539165457766023,0.005394474937866462,0.030714584779399576
2025-02-03,0.21326770938995998,0.11184276927401038,0.10191596532273944,0.062322236722714155,0.1122479718998822,0.04191100438944404,0.014556922804348945,0.044205445646339526,0.04857173654464105,0.13997698209039242,0.0757570763533568,0.005386466532673565,0.030924566412922832
2025-02-04,0.21287058857954283,0.11218373575113215,0.10199625968901842,0.062246631459791445,0.1122808702698968,0.04192250756780047,0.014581735316830893,0.04436785761778546,0.04851957866343044,0.14018659962666702,0.07578988350962927,0.005389735835904083,0.03083684845961748
2025-02-05,0.2126065073889802,0.11246383201759988,0.1020713431140144,0.062162828101824004,0.11230426674068551,0.04193278852910888,0.014602617726964971,0.044511495559702706,0.0484161752085111,0.14039691147361294,0.07582373861123266,0.005393007623934806,0.030749927645515582
2025-02-06,0.21233341218747662,0.1127260974083428,0.10214532777398815,0.062081369346880313,0.11232915536164027,0.041943546835205674,0.01462328867494174,0.04465974508054054,0.04832685590032832,0.1406116941215394,0.07585700336079891,0.005396280932120476,0.030661279833936517
2025-02-07,0.21205910712314857,0.11300930335040367,0.10221960016165593,0.06200015709345217,0.11235049892913979,0.04195370679062329,0.014646109676232673,0.04480590821967507,0.04824243154068855,0.14081064561042267,0.07588608071756996,0.005399554817099588,0.030579774763605384
2025-02-10,0.21291325659428503,0.11161458468219503,0.10193736618097499,0.062226606031308945,0.11246880351766138,0.041941403543165515,0.01458356137752106,0.04415319054657338,0.04869557113396347,0.14019414192992502,0.07622408236893549,0.005389736551539493,0.03083070851686606
2025-02-11,0.2126253419196598,0.11191729776088119,0.10199743468678839,0.06214620228028345,0.11248322735109394,0.041950397589716415,0.014605993415515212,0.044294214486758965,0.04862224528001721,0.1404146762972039,0.0762399596602074,0.005392991855673112,0.030762316934381667
2025-02-12,0.2123319927038486,0.1122120681607006,0.10206286228521215,0.06206749544488423,0.11250039849266576,0.04195956046464679,0.014628616126207812,0.04443286207384773,0.04854647830111147,0.14061128678676849,0.07626779746094177,0.0053962434327365465,0.030696908088513906
2025-02-13,0.2120426905600274,0.11250603358409227,0.10212471500178327,0.061988499941874844,0.11251444703652977,0.04196790151937591,0.014650840583972318,0.04456836524022078,0.048468065630424134,0.140827553682897,0.07628814914154752,0.005399442654123715,0.030633723434126597
2025-02-14,0.21173806647446797,0.11281700160411695,0.10218129382478904,0.061910768818181285,0.11252817603583322,0.04197659704419784,0.014673561092626655,0.04470947790866235,0.04838990085354582,0.1410415223188054,0.0763186139216941,0.005402534464002665,0.030572824817410707
2025-02-17,0.21253048993099058,0.11142617469651121,0.1018680360886988,0.06213889921276855,0.11262198431810197,0.04196100066807698,0.01460687290113603,0.044032966489714116,0.04882869893747442,0.14047739860956834,0.0766715340672539,0.0053925586383398935,0.03088614963373922
2025-02-18,0.2122213601731797,0.11172946834579105,0.10192400275669691,0.0620611287510108,0.11263229019744929,0.041969292609312175,0.014628149494502477,0.04416881969045003,0.048744291794478804,0.14068618756879944,0.07669875526303246,0.005395697868499064,0.03083629921432192
2025-02-19,0.21192018490518896,0.11203743134495629,0.10197631666567701,0.06198292469998908,0.11263842044252105,0.04197711008263362,0.014649637197228843,0.044301290113086554,0.048663156081893505,0.14090899853172625,0.07671731881169415,0.005398831161869032,0.030788752217134036
2025-02-20,0.21160983326256036,0.1123401681630056,0.10202880039607415,0.06190519099883283,0.11264604424836766,0.04198506859531292,0.014670560328638971,0.04444206503408504,0.04858141346689095,0.14112343105114655,0.07674370752969344,0.0054020163937501834,0.030743499107024636
2025-02-21,0.2112930813758172,0.11264797962050607,0.10208152177864965,0.06182675770408809,0.11265231915258846,0.04199287663246275,0.014691678667735138,0.044578649671240186,0.04849957018402707,0.14134751140621785,0.07677131146823998,0.005405136464057906,0.03070014046966741
2025-02-24,0.2120278928953995,0.1112458677026661,0.10175348606734369,0.062052026789547306,0.11272346064811833,0.04197478801639207,0.014620445992763655,0.0438971437158337,0.048922397064289386,0.14083402689554944,0.07712010008648085,0.005394874886259476,0.03107212383636583
2025-02-25,0.21170992043524328,0.1115395190883772,0.10180017887832436,0.06197481445443705,0.11272326696228775,0.04198268219760859,0.014640597474993149,0.04402703348931874,0.048831243954105256,0.14106351140918463,0.0771466104172465,0.0053979992180606265,0.031041708220386592
2025-02-26,0.21138509695885166,0.11183812449327403,0.10184611840465199,0.061896946905988265,0.11272161519964048,0.04198974187795965,0.01466042182714499,0.044158558871757875,0.04874464757545471,0.1413006140226103,0.07717396778054893,0.005401047433049652,0.031011598597585108
2025-02-27,0.2110779893821378,0.11212388280480663,0.10188951364547741,0.061816991658842135,0.11271646287421389,0.04199567967119659,0.014678683788133468,0.04428831374802321,0.048659022054977796,0.1415499543708283,0.07719739995119358,0.005404150332763115,0.03098455294526639
2025-02-28,0.21076067587453787,0.11242079140827636,0.10193001442550992,0.061741313093623434,0.1127112783715098,0.04200261570416472,0.014697605543360857,0.04442345246677238,0.04856868856597049,0.14179475167212716,0.07721305824594046,0.005407242384225356,0.03096102985450562
2025-03-03,0.21146040494126547,0.11096643499081905,0.10158510149819167,0.06197641746583014,0.11273954219604096,0.04197924802344415,0.01461047216381347,0.04376549045232019,0.04885471540644272,0.14138639638566286,0.07758996050699689,0.005398587659142307,0.031390474027768206
2025-03-04,0.20741500694190915,0.11048822933031859,0.10191444729242431,0.061879887797271084,0.11284787425131818,0.04153635646577844,0.014744406762056551,0.04475194037099068,0.04894712312058525,0.1506097927848996,0.06265122035192833,0.005479060427227215,0.026768216238324535
2025-03-05,0.20695977117304137,0.11080341408483493,0.10196657313545372,0.06180805769740949,0.11285221943855447,0.04154419244918218,0.014763865952172755,0.044905941644146866,0.04887132108965103,0.15089558926763852,0.06268146636147631,0.005482130929964502,0.02676048521680915
2025-03-06,0.20650358855308454,0.11111788787190954,0.10201804893987432,0.06173643089564057,0.11285561407748611,0.04155187552837957,0.014782996980864885,0.04505669395864657,0.048792733368072355,0.15118303193869725,0.06271103677440146,0.005485190842275851,0.026749802937456147
2025-03-07,0.20618006405766737,0.11137171117237966,0.10206478319549951,0.06165671787510695,0.11284902793256459,0.04155825157719046,0.014797995696535072,0.04518949369902192,0.0486619837103907,0.15147000670783,0.06274016395526363,0.005488240388490701,0.026738530803166946
2025-03-10,0.2068446185522659,0.10989753515199804,0.10171245519040212,0.061889670174987435,0.11288101624554046,0.04153528630459404,0.014713265343488846,0.04450109854604403,0.049019806533460726,0.15099278466685123,0.06302260767846997,0.0054773763472508495,0.027127478551711992
2025-03-11,0.2065180060603585,0.11014689801662943,0.10175852935083543,0.06181234117959503,0.1128700175253951,0.04154107713510077,0.014729438194166389,0.04463699945928242,0.048903549703009135,0.1512649083855124,0.06304429252346548,0.005480376490234395,0.027119535812458212
2025-03-12,0.2061963915737406,0.11040694305903924,0.1017988311454735,0.06173728662592537,0.11286034755131917,0.04154658778627453,0.014746461347466894,0.04477958723752338,0.04879865799923245,0.1515274545084787,0.06305880287512597,0.005483368046118309,0.02711116825632607
2025-03-13,0.2058735393591442,0.11067964282699623,0.10183470835522981,0.06166093018400648,0.11284395241359561,0.041551288121333164,0.01476251740949688,0.04491719725104661,0.0486947346189831,0.15181570749182713,0.06306609327168686,0.005486351477979649,0.027106521309352663
2025-03-14,0.20554985424748903,0.11094352380789445,0.10187679036632895,0.06158620480408581,0.11283048139295676,0.04155611777744573,0.014778725438180176,0.045053669910119276,0.04858799438216325,0.15207624627321248,0.06308227945195219,0.005489327283260605,0.02710231518593168
2025-03-17,0.20623790477429424,0.10948130849061999,0.10151498236718566,0.061821983885363654,0.11284114946417188,0.041528453044426934,0.014692542416988585,0.04437047021271517,0.04893616216206149,0.1515922803841658,0.06333963209214388,0.005478208724911107,0.02751394417546488
2025-03-18,0.20591400888358105,0.10975141370505521,0.1015498313538943,0.06174779804582403,0.1128237061378418,0.04153252018249483,0.014708379385871297,0.044510741527688184,0.04882306894862527,0.15186654823822962,0.0633549891600654,0.005480996574713289,0.027509025417905446
2025-03-19,0.20561127646345334,0.11001490896621945,0.10158110257682763,0.06167287455325124,0.11280431303096562,0.041536078200496,0.014723779039435515,0.04464724139526498,0.0487095964963165,0.15213884945912082,0.06336854831937248,0.005483913750344434,0.027504243050945086
2025-03-20,0.20530007949478737,0.11028070168617253,0.10161988875506235,0.06159857623382704,0.11278667904690878,0.04154000677027176,0.01473878287841921,0.044788692500117924,0.04859242577080615,0.1523996746677586,0.06337919459110326,0.005486780629881296,0.027499126341345416
2025-03-21,0.20500136700627683,0.11054973730847621,0.10165617410039957,0.061523732223179826,0.11276559490197301,0.041543489471850076,0.014754071370389496,0.044928020434264616,0.04847843788788747,0.15267340327657844,0.06338201997025099,0.00548964652761386,0.027493153026055917
2025-03-24,0.20572796563490922,0.1090691499835383,0.10129467230120096,0.06176014975108363,0.11276838669826504,0.04151397519521848,0.014665231683504924,0.044271517699390875,0.048804996298359354,0.15216713485306851,0.06363156389596764,0.005478458482237847,0.027903829695956436
2025-03-25,0.20542742393073238,0.10932716871129643,0.10133413654818024,0.06168446902223777,0.11274880356427236,0.04151734307547985,0.014680049690368322,0.04441671920219402,0.04868711333244199,0.15243523087975736,0.06363946450746504,0.005481312314312389,0.027893814943792627
2025-03-26,0.20514047571587635,0.10957693500354908,0.10137315620403113,0.061604419958513186,0.11272801964332613,0.04152060072882513,0.01469480745882898,0.04456153591509838,0.048568839112870396,0.15271692580956142,0.06364355174993738,0.005484144635062565,0.02788476223259089
2025-03-27,0.2048540515363726,0.10982401162502667,0.10141130700151231,0.06152979656790986,0.11270644248328716,0.04152448580422546,0.014709556706708763,0.04470570240665758,0.04844482978697391,0.1529831990253239,0.06364981650565202,0.005487056345521386,0.027875611274138914
2025-03-28,0.20456559773568866,0.11007451735717322,0.10145001047200572,0.061454385494691496,0.1126846000417465,0.0415276280902022,0.014724152728798689,0.04485275850619968,0.04832555433513868,0.15325523756385978,0.06365641177495304,0.005489903208107697,0.027863393957467664
2025-03-31,0.20536718514916702,0.10854825541497923,0.10109484595175186,0.06168732187582825,0.11268229557146942,0.04149561637152478,0.014633136365332476,0.04420783748727728,0.04863336456968039,0.1527565956265512,0.06389279851468066,0.005478702363856727,0.028257464242065742
2025-04-01,0.20511213111581802,0.10873712992345828,0.10113153325170744,0.06161501454012932,0.11263969608661753,0.04149635967023881,0.014636348571169636,0.044382645832543886,0.04839709784011744,0.15312491371611012,0.0639168746837296,0.005483442866704824,0.028246435504505733
2025-04-02,0.2048354619719401,0.10898352944277925,0.10117468281927157,0.06154083052624904,0.11262118993712397,0.04149957620525787,0.014650735279160651,0.044536658237768485,0.048270217066138585,0.1533846000726912,0.06391512887597338,0.005486366296857147,0.02822761786665028
2025-04-03,0.20911244996890074,0.10329747762902755,0.09797098091025694,0.061227512593398634,0.11265361801438512,0.0414266502011621,0.014285104736591985,0.04340888447247997,0.04648671117143856,0.1519091346349497,0.08719460709935409,0.005522375214028294,0.02708246775605087
2025-04-04,0.20871091413025686,0.10354397939495176,0.09802326952649003,0.061157452369309875,0.11264740699855925,0.04143142278662753,0.01430038861168919,0.043578398717245025,0.04638419958296315,0.15219466173349294,0.08721267812313166,0.005525328531373438,0.027066041195728266
2025-04-07,0.2094511755548925,0.10210447071044462,0.09770586366182502,0.06139647516780533,0.11266941664863236,0.04140177806408522,0.014214681854004808,0.042990328542647144,0.046677342165042275,0.15168714437251185,0.08753819070950988,0.0055141490654861455,0.027413322638301457
2025-04-08,0.20919584877087674,0.10228507537092382,0.09775686252442592,0.06131799870126713,0.11265662006901586,0.04140537791357479,0.0142262263640087,0.043140697720936524,0.04652105776911202,0.15196481736920808,0.08755290469704656,0.005517125355892733,0.027382296369864816
2025-04-09,0.20893893617080878,0.10244827695228423,0.09780861607639253,0.06124177052744942,0.11264664009397714,0.04140952401636815,0.014237734617822078,0.043297579971344584,0.04637842629841821,0.15224354390342337,0.08756507277814678,0.005520111616870338,0.02734495167804517
2025-04-10,0.2086880699398373,0.10262932860911372,0.09786248843811385,0.06116571506977543,0.11263452165464803,0.04141316714731481,0.014251525703566675,0.04345448084397848,0.046240656315284415,0.15250127906324912,0.0875706312840586,0.005523108404629333,0.027309128698555084
2025-04-11,0.20844504509389247,0.10281983518348552,0.09791197873584993,0.06109184684210867,0.1126253332212317,0.04141669822342918,0.014266437382005418,0.04361868501571418,0.04611432548293369,0.1527471529105672,0.08756622151346681,0.005526116245701121,0.027269931920031
2025-04-14,0.2093936586833517,0.10132771167498206,0.09760013004027461,0.061325379636106604,0.1126494278042421,0.041385510037503355,0.014181393516792571,0.04303708765460337,0.04637682689798635,0.15220090231961422,0.08785055205657931,0.005515119690625886,0.027572215564911583
2025-04-15,0.20915939342370174,0.10151523643255651,0.09765520136044352,0.06125141947286375,0.11264150482011853,0.041388799479413575,0.014196293315208146,0.04319612673663446,0.04624822409462166,0.15243598972653208,0.08784694398855908,0.005518165155292663,0.027526171732847396
2025-04-16,0.20893578693278456,0.1017010628085037,0.09770882173854471,0.06117709022253519,0.11263236209848336,0.04139143820654649,0.014211106923364747,0.043354009552212525,0.04611762465020748,0.15268836267467145,0.0878334227393713,0.005521174810656208,0.027477040519590892
2025-04-17,0.20858764857677461,0.1015270024186489,0.09759000564972262,0.060941649633381445,0.11255806747097079,0.04144273136780062,0.014252585400044064,0.04373432447105889,0.046869321537718014,0.15290246928063053,0.08699925528279469,0.005520737702164514,0.02775124648485119
2025-04-18,0.20673539488679252,0.1028488748651244,0.09508931348944144,0.06197883829353096,0.11330175997693254,0.04097354537307015,0.014085513981957141,0.044590742365312346,0.04787892388681826,0.1523359199571687,0.08878463553303402,0.005503643300347928,0.028444027612836324
2025-04-22,0.2092274672943237,0.10101364715161652,0.09710554201578635,0.061174514607763505,0.11253277881563745,0.04128359139170524,0.01403690576701156,0.043281675269819145,0.04617212478500359,0.153106225242182,0.09041906070378782,0.005510541298390828,0.027598972499977073
2025-04-23,0.20910886924869246,0.10096530916245337,0.09763503560885402,0.061119837871071774,0.11266042816094614,0.04137508799726873,0.014193796253617247,0.043454527745011344,0.045847116619550043,0.15302622258654977,0.08807076585931557,0.0055225222625850225,0.02748489843398907
2025-04-24,0.20890991303102033,0.10115623263178881,0.09769439495135955,0.06104647110794072,0.11266083402476501,0.04137885332301059,0.014210133613149904,0.04363065292883783,0.04571818204590497,0.15324734850677674,0.08805600931567517,0.00552568153023386,0.027414628848268827
2025-04-25,0.2087095771353719,0.10135166589489689,0.09775588418727744,0.06097237847379536,0.11266216255133829,0.04138270951582438,0.014227072878608934,0.0438042427648081,0.0455901682507483,0.1534750949831868,0.08804183413059206,0.005528797895568336,0.027341388610556194
2025-04-28,0.20980285138963964,0.09985170230780302,0.09748567550976422,0.06120425507510858,0.11273222063518873,0.041354880796421314,0.014150193869782515,0.04325858624788615,0.04583892048856938,0.15284885014071764,0.0882994055355783,0.005518221847335054,0.02753992994688204
2025-04-29,0.20961933022303372,0.10003731928334696,0.09754860871878038,0.0611313441307398,0.11273625979341201,0.04135984587706891,0.014167944931211415,0.043430287264916254,0.04570606478354218,0.15306785682606208,0.08828098523702448,0.0055214397952647295,0.02745993756553253
2025-04-30,0.20931620929265957,0.09985990464642695,0.09744342863765025,0.06089564876001871,0.11267425587120017,0.04141235597562816,0.014211615600862272,0.04382040012711545,0.04645237047005685,0.1532597952696706,0.08742775294079065,0.00552124819742631,0.027701919364234363
2025-05-01,0.2075134213054677,0.1011031538184208,0.09496104704774458,0.0619318760801173,0.11340995690433257,0.04094190969956749,0.01403606455210896,0.044712999454019575,0.047347594344072284,0.15277903409296098,0.08924458841981425,0.005506159375925164,0.028366837829516017
2025-05-02,0.20902917897318096,0.10079769385440888,0.0972645147162694,0.06089346581785772,0.1125992739303849,0.041282209616936974,0.014069372521246522,0.04397506643174377,0.04541423483233973,0.15416360749680894,0.09057663380761773,0.005524026245313548,0.02725663519294204
2025-05-05,0.21023006196316896,0.09908760318412309,0.09748546312062839,0.06115335229992788,0.11282524052214542,0.041345365908447916,0.014137714383469951,0.04345176632930603,0.0454676796548155,0.15316922171882277,0.08848262389826426,0.0055226757928185394,0.027363843233732168
2025-05-06,0.20687953337658954,0.09841878335341106,0.09577664833266868,0.06105069681298529,0.11326470233100512,0.040254563334980224,0.013612827322088732,0.03982641655382041,0.05432375191607246,0.15337997457698005,0.08210747312856989,0.005551464058539996,0.029749511833189614
2025-05-07,0.20657634150849316,0.09863605361638332,0.09585540282705127,0.06098362083386955,0.11329092572145949,0.040261594650643,0.01363254611569851,0.04000904965785048,0.05419476630807451,0.15361630541558455,0.08209779915664939,0.005554782898048726,0.029651018170730598
2025-05-08,0.2062728929602387,0.09885487664326571,0.09593480018864543,0.06091686750108947,0.11331820734619337,0.040268754950342364,0.013652382940474909,0.04018952244200896,0.0540645030464291,0.1538515596399654,0.08208678894594838,0.0055581117603160654,0.02954635663971028
2025-05-09,0.20610239810406258,0.0990221698752532,0.0960109251973238,0.06084227056374006,0.11333741676254773,0.04027492511833134,0.013668818862234963,0.0403546337264929,0.05387832813778856,0.1540836969623165,0.08207475286138319,0.005561450038161648,0.02943839841493587
2025-05-12,0.20722893318921762,0.09755630660254248,0.09578190617323587,0.0610853794540309,0.11345805404288595,0.04025428429217373,0.013600630785362795,0.039879224490201155,0.05416030970180493,0.15340590072500315,0.08229068597546152,0.005551292172546659,0.02956182825189921
2025-05-13,0.20705533657803743,0.097732489759257,0.0958612744330676,0.06101384518982729,0.11347992099395791,0.04026097405719615,0.013619702129130652,0.04004788427169618,0.05399751065427563,0.15361417765884475,0.08226700026380063,0.005554649074779277,0.029447742475999402
2025-05-14,0.2068856023743334,0.09792158621896523,0.09593602422309737,0.060944758595893975,0.11350469085166634,0.04026765646883884,0.013639930804550887,0.04022287389664112,0.053849267301123036,0.15381072338365592,0.08223351675850175,0.005558011877106221,0.029331749915440204
2025-05-15,0.20671314994009726,0.09812554051463865,0.09600734361069296,0.060874601801287086,0.11352417302082535,0.04027381353811202,0.01365962501463966,0.04039366185620915,0.05370410091205219,0.15403147656504032,0.08219018771000346,0.00556137980556059,0.02921857943148301
2025-05-16,0.2065380576583581,0.09832551676432522,0.09608517526451514,0.060806282100561236,0.1135479781220679,0.04028035127704609,0.013679807711024687,0.04056362733140193,0.05355784524208877,0.15422235208789212,0.08215801275110755,0.005564752065135763,0.029104918592965136
2025-05-19,0.20766941160403668,0.09695458332804321,0.09586100006935937,0.061057059172670736,0.11367815660880204,0.04026057497940587,0.013617368563938415,0.040086954347494215,0.05386696789562189,0.15350424097945625,0.08233010928714428,0.005554601970172925,0.02921106546681958
2025-05-20,0.20748490116825544,0.09717781261576675,0.09593367601716578,0.06099033608026191,0.11370249980883619,0.04026733458071169,0.013638403785954224,0.040259403242787366,0.05372153946988846,0.15370396133570255,0.08229479138078401,0.005557816518977673,0.029093554556489227
2025-05-21,0.20731837526556815,0.09739993993421685,0.0960032307495073,0.06092316382379709,0.11372573809903842,0.04027382437414519,0.01365930599345362,0.040428341344000716,0.053577746995721945,0.15390058062733583,0.08225664117496469,0.005561167055639061,0.02897646686843769
2025-05-22,0.20713970014373836,0.09762904115675515,0.09608006795546983,0.06085689653170716,0.11375149750771404,0.040280889570998554,0.013680096375353628,0.04060160453103139,0.05343193415280816,0.15408461340931778,0.08221420555045711,0.005564469906497343,0.028859546816108715
2025-05-23,0.20696973692790313,0.09786613710832807,0.0961546429322534,0.060790384644498575,0.11377440966121698,0.04028773039757796,0.013701388843270528,0.040772728283295576,0.05329165927186508,0.1542808389393038,0.08216111868819229,0.005567773516535832,0.02874248748156322
2025-05-26,0.20807527881390317,0.09658411301418404,0.09593272357380948,0.0610483103079196,0.1139124746459292,0.040270647597516626,0.013641211204366116,0.040305974800292556,0.0536173708385256,0.15352627294837945,0.0823105891576352,0.005557607427731951,0.02884114519848786
2025-05-27,0.20788636643433092,0.0968332544159495,0.09600974290758962,0.06098226768502659,0.11393827567548682,0.04027811541597205,0.013662759769176086,0.040479994491995935,0.05348073006002154,0.15371530746765455,0.08226173833644676,0.005560888514116825,0.02872356054070761
2025-05-28,0.2075907208258461,0.09672428664998553,0.09591958652088353,0.06075045681957237,0.11389530297294113,0.04033248201153212,0.013709273172914423,0.040854124105629046,0.0543681500123963,0.15388584484138726,0.0814295377628632,0.005560761512484331,0.028949311358166453
2025-05-29,0.2057705361966365,0.09805009286835435,0.09348883138452277,0.061793824712323746,0.11467978472356533,0.039881330847418225,0.01355533293972568,0.04167528304704053,0.05555029559827966,0.15325911138462717,0.08305320841917084,0.005543778352395801,0.029613713333635706
2025-05-30,0.2072527691981778,0.09782906238648383,0.09577067463378713,0.060764065368888454,0.1138773442377358,0.04021579758376784,0.013591879853214202,0.04099325740011327,0.05329983151813271,0.15461437874470554,0.08427037517676292,0.005561737156835489,0.028430553370538406
2025-06-02,0.20842022339001173,0.09634551380250032,0.09601095484675648,0.06104646082940024,0.1141207307495091,0.040282922892532914,0.013657380109744257,0.04054278570716362,0.05329742734467522,0.1536507406621054,0.08225898514415073,0.005562211975661524,0.028497360208444712
2025-06-03,0.20822654865207058,0.09661904429246618,0.09608189025773524,0.060984483895559966,0.11414147970811384,0.04029104389300556,0.013678573807817585,0.04071828157948005,0.05316637058251481,0.153844930562688,0.08218946890512664,0.00556548087572169,0.028389149085665963
2025-06-04,0.2080169068908205,0.0969065998115219,0.09615797075220886,0.06092253184985715,0.11416529631517154,0.04029934573756286,0.013700166956591441,0.040894382635735374,0.05303509390400904,0.15402706339378497,0.0821234344934262,0.0055687383859196905,0.028281728430315487
2025-06-05,0.2054161344193259,0.09616970736593299,0.09620400476006785,0.06046652743875829,0.11363864270427611,0.039894189872803965,0.013596251336350403,0.04153801533945189,0.04853830981134099,0.15044982414412322,0.08113188741441556,0.005568016379556981,0.03840578616866661
2025-06-06,0.20507969567853512,0.09647987960685593,0.0962886906021715,0.060409355412088084,0.1136728182348519,0.03990404145154286,0.013618772417589868,0.04173349925329002,0.048441982844801446,0.15065716229558365,0.08108454350672249,0.005571246053815657,0.03827100867532793
2025-06-09,0.20420669379553838,0.09611805387740566,0.0934007747889052,0.061626894277216585,0.11450126000324677,0.039483009546250884,0.013411110490307483,0.042121077976827896,0.050939664021169735,0.14911254781127714,0.08207826020245855,0.005536936574732151,0.03996091432408427
2025-06-10,0.20565053727277177,0.09591931150491595,0.09568454011280714,0.06060023659739141,0.11369922243598997,0.039815344592160844,0.013444291898830805,0.041428366014575925,0.04885091962983522,0.15044714618012262,0.08327996566867753,0.005554788029156435,0.038381469384184526
2025-06-11,0.20549947324761508,0.09595082625863538,0.09622871183206527,0.060557302759047034,0.11385524304716495,0.03990967552665353,0.01359704133923791,0.04161242479972793,0.048513307773072986,0.15034377378168742,0.08108257690301979,0.005566903512187083,0.03817742617797278
2025-06-12,0.20527269634945416,0.09623737538484832,0.0963084944798274,0.060495832034014235,0.11387511309783784,0.039918541261985865,0.013617310955867355,0.04178923552406958,0.048389186942859756,0.15052934258494066,0.08102044301273408,0.005570033547772102,0.03804591937964557
2025-06-13,0.20504721062299477,0.09653925870075551,0.09638276424353932,0.060436732024818446,0.1138962110504389,0.039927275312330326,0.013638454235407415,0.04197199278190946,0.048278373570119125,0.1507042667302674,0.08094869606658174,0.005573147362464865,0.03791551117072138
2025-06-16,0.2059832144203517,0.09553761734816611,0.09614458451157357,0.06071108741930884,0.11400053422847287,0.039912924737958204,0.013576271886776597,0.041478244351920844,0.04862615832054138,0.14997081692248646,0.0810058832719829,0.005562125921557142,0.03814051045690827
2025-06-17,0.2057412731037067,0.09585914997466313,0.09621914358488988,0.06065266265225666,0.11401516318673251,0.039921210718475285,0.013596375114187462,0.041650972007036054,0.048518265918461326,0.15014031811040798,0.08093347433144364,0.0055651607898977865,0.03802356608369156
2025-06-18,0.20538960684555863,0.09583176899467881,0.09612411900703217,0.06043306666920484,0.11395879913165032,0.039975218153703834,0.013640866728456274,0.04202811804080815,0.04933730228318898,0.15029687747792003,0.08008671594861536,0.005564746457932027,0.038359582136911125
2025-06-19,0.20352050267028537,0.09724270114202782,0.09368053856863322,0.061477685172723,0.11473064475876758,0.03952784581707362,0.01348627260658864,0.04287215888308388,0.05043054067575642,0.14968491751884136,0.08166235134496556,0.0055472703143200856,0.0392775730576676
2025-06-20,0.20494175770995188,0.09711138187643045,0.09595533746902479,0.06045961872642823,0.11391266184047716,0.039859290289782,0.013520833167985441,0.042163451349947145,0.0484022971916894,0.15100065377622518,0.08283528543637639,0.005564952242810844,0.037749024722974006
2025-06-23,0.2059000519974202,0.09596075856350487,0.09617757537487377,0.060758221815524906,0.11412819115098492,0.03992942015659653,0.013590494526728562,0.04166586584599659,0.04855668765196721,0.1499236421694451,0.08075215056554327,0.005562451232352044,0.03795908644539288
2025-06-24,0.20565400561637073,0.09632641692391773,0.09624376306642358,0.06070025526502958,0.1141303180351897,0.03993693493068946,0.013609565372670556,0.041835341647877035,0.048455254839218496,0.15010295294337342,0.08066248134916436,0.005565290705481216,0.03785792664831063
2025-06-25,0.2053993959017504,0.09669225688278349,0.09631064758553819,0.060642649864632,0.11413377736688322,0.03994465401597969,0.013628113756920628,0.04201298478828105,0.0483550150024403,0.1502708049861223,0.08058051202436337,0.005568175851595454,0.03775891821454061
2025-06-26,0.20513888429120394,0.09706707058083384,0.0963782809513992,0.06058424183988695,0.11413568988888695,0.03995229911684331,0.013646845476702897,0.04218694377412862,0.048256478211513985,0.15044643174615138,0.08049939678790437,0.005570986682875036,0.037661607913211395
2025-06-27,0.20488722669583884,0.09744042220901888,0.09644475204272879,0.060521542209174155,0.11413513194854126,0.03995984730395352,0.01366539342254519,0.042359482887295824,0.04815927095489437,0.15063553729734813,0.08041382838177415,0.005573759110475735,0.03756958810745212
2025-06-30,0.20573568512325677,0.09658490197847945,0.0961887027535613,0.06080214601180306,0.11418798950614066,0.03994413358950904,0.013595908672720673,0.04184098080348989,0.04853547505527181,0.14987069730232133,0.08044926526715208,0.0055619596237034925,0.037895733392461245
2025-07-01,0.2054808444665328,0.09692711372446061,0.0962520229076031,0.06074515381171673,0.11416043070344731,0.03994910924838613,0.01360346707349018,0.042030774138134365,0.04833035307341838,0.1501433435763257,0.08040356636201239,0.005566524181972245,0.03781856530263154
2025-07-02,0.20523132658894108,0.09730585215459953,0.09631360172951138,0.060684328027096106,0.11414968874143236,0.03995536315737879,0.013619552668231075,0.04219770222581261,0.04823902824264908,0.15033239509890936,0.08031759167720083,0.005569292139323222,0.03773752951778054
2025-07-03,0.2049719902601071,0.0976981740753689,0.09637286255160996,0.06062747004305651,0.11413873238224212,0.039962626310562875,0.013636251822986844,0.04236963436861568,0.0481448547870875,0.15051442605770624,0.08022393061745837,0.005572046843681239,0.037660441956481445
2025-07-04,0.2046986395145752,0.0981031695515509,0.09643711844777503,0.06057022067440953,0.1141299870545973,0.039969929389740456,0.01365313990161612,0.04254167943162038,0.048050262739226794,0.15068467945127326,0.08013503208167246,0.005574788954292196,0.03758469605642097
2025-07-07,0.20993018533907662,0.09651307081549175,0.09742769001317372,0.06099957395045486,0.11484003750233532,0.04076995865337159,0.013975041148380574,0.04560810389820887,0.04737768085140982,0.15067402134788213,0.077073399720111,0.005548593647252106,0.03149155949153512
2025-07-08,0.20952043991449806,0.09693502662497544,0.09750047974119783,0.06094511888998574,0.1148377661764932,0.04077860068137278,0.013992619026503183,0.04580851550562564,0.047308587650123655,0.15087286840982528,0.07700808952468656,0.0055512753808883855,0.031440680003406815
2025-07-09,0.2091095690724941,0.09735961420388357,0.09757296740446622,0.06089055787415251,0.1148343276878047,0.040787141012984834,0.014009885390416702,0.046005125940956085,0.04723853342877551,0.15107149409268852,0.07694289053218688,0.005553948485939425,0.03138628867117547
2025-07-10,0.20883286117022706,0.09773411716836614,0.09764121912921324,0.06082770215963247,0.11482053021890125,0.040794444341370466,0.014023234894284383,0.04618283042693573,0.047119689944697896,0.15126784888486505,0.07687818360598724,0.005556613850745033,0.03133121550713063
2025-07-11,0.20855087709874848,0.09809556917431936,0.09770920540340404,0.06076683813241112,0.11480770086108111,0.04080216928055703,0.014036255489104515,0.04636584025307068,0.0470156850193977,0.1514659679489212,0.07681245337284581,0.005559272395555499,0.03127277257402795
2025-07-14,0.20937860617274479,0.0972809881113029,0.09744452338195123,0.06104143070310269,0.11481137047422099,0.04078216733952333,0.013954827089799214,0.04577503441705818,0.04740197158520672,0.15068875037081156,0.076860229181989,0.005547009600880643,0.03160865858431868
2025-07-15,0.20910302254475474,0.09767076809118704,0.09750768144157192,0.06098154001101446,0.11479334742285753,0.04078881067783392,0.013970092202783644,0.04595790861544789,0.04731660733434531,0.15085366506475717,0.07678393318452723,0.005549640933770659,0.03155711750476278
2025-07-16,0.2088258336649482,0.09807396819895431,0.09756677075654248,0.06091999016146123,0.11476825061659558,0.040794688217693234,0.013984437197258313,0.046134710709821676,0.0472337736046376,0.1510428174256627,0.07670044446633983,0.005552270450293839,0.031510211146622225
2025-07-17,0.2085474134225192,0.0984714544767813,0.09763195291333161,0.06085967228960993,0.11474588811320277,0.04080071948693655,0.013998921551345562,0.046309308884129666,0.0471497696594657,0.1512031186754361,0.07662944425259068,0.005554899207624155,0.031464167120890375
2025-07-18,0.208277121114372,0.09886926688330651,0.09769470633186189,0.06079862344857626,0.1147203500461511,0.040805946725230746,0.014012996100945403,0.046480850231904715,0.04706440684909223,0.15138144447517124,0.07655150506584937,0.005557479013460755,0.03141813436813747
2025-07-21,0.20911382334286624,0.09807117923007137,0.09741859759554095,0.061069945150995016,0.1147017886105125,0.0407829091382079,0.01392878405836246,0.04587383707051996,0.047472461729617645,0.15059193229417814,0.07661486512301394,0.005545023914774201,0.031773727946324555
2025-07-22,0.20885460667792977,0.09847334024138024,0.09747369831881209,0.06100755091531124,0.11467209167175643,0.040787777451625686,0.013942476002679437,0.04604162215180896,0.04738960766780846,0.15075960692787183,0.07654970355228728,0.005547637014481707,0.03172894795233997
2025-07-23,0.20858619686321084,0.0988788238281304,0.09753602159073245,0.060945368965562796,0.11464389729207554,0.04079301725418182,0.013955783578710983,0.0462131225894751,0.04730452662019828,0.1509151218883304,0.07648307380783297,0.0055502090640415095,0.03168445818966171
2025-07-24,0.2083298423874804,0.09928835273808886,0.09759593435157508,0.060882239228007534,0.11461190156685266,0.040797823449178,0.013969350133127556,0.04638098110664363,0.047223876195771716,0.15108270750041156,0.07640912142041748,0.005552790359534897,0.03163971167222441
2025-07-25,0.20806867401039914,0.09969298536847125,0.09765710268508512,0.060819042803986145,0.11458194021895625,0.04080279945850645,0.013982449829550478,0.046557375118685934,0.04714389290053846,0.15123837527188713,0.07634438015846215,0.005555441999798155,0.03159467048103459
2025-07-28,0.2089461537548178,0.09885657818702288,0.09738604051469808,0.061081241465456224,0.11454941612428772,0.0407776585076326,0.013895537360843807,0.04593162017496651,0.04756308974954277,0.1504319741307326,0.07643107523199055,0.005543203875466502,0.031955453476382165
2025-07-29,0.20869848042627953,0.09924880329025547,0.09744806966898822,0.0610109805569099,0.11451610622867985,0.04078221156110975,0.013908541114833164,0.046096630859435134,0.047484814019346296,0.15060598524407637,0.076369647452198,0.0055458086062137495,0.03191109751015195
2025-07-30,0.20845051553443789,0.09963885140216582,0.09750911670635953,0.06094568447855499,0.11448163803999803,0.04078736413301697,0.013921519562726201,0.04625921383897202,0.04740201863562461,0.1507645685440651,0.07631319525246914,0.005548505744633936,0.03186769008519426
2025-07-31,0.20819962935213937,0.10003213518405632,0.09757052542429036,0.06087920298148725,0.11444653762430104,0.040791766763984806,0.0139343344940488,0.04642297914219097,0.047324895558124025,0.15092870370474498,0.07625952693421355,0.005551149667356568,0.031821891117879406
2025-08-01,0.20798207864590612,0.10036721232623917,0.09763033814743341,0.06081169872845954,0.11438819399761754,0.04079281139318633,0.013935591856789352,0.04660778307376113,0.0471418864189956,0.15119851264314516,0.07623853649995761,0.00555572341771105,0.03178260980751848
2025-08-04,0.20891883586687313,0.09946396743742039,0.09735838129974199,0.06106746346880737,0.11434540468478274,0.040766035494637955,0.01384707781546869,0.04596294048903264,0.04756510624709995,0.15038885157746995,0.07634877071826911,0.005543808469347983,0.03214230297918267
2025-08-05,0.20867555899530482,0.09984870197063273,0.09742278037324642,0.06100028006804771,0.11431171094461261,0.04077035389598588,0.013859593071287259,0.046124094138658346,0.047485514936320534,0.15054223753175724,0.07629719606133928,0.005546594757946343,0.032094893901597414
2025-08-06,0.20978809105075272,0.09935036582286115,0.10055866745185495,0.06121594536119456,0.11421613787791725,0.041395016982213234,0.014239192954788073,0.04667595509116891,0.04862087805078292,0.15238950796402326,0.06173095072220791,0.005552308628602353,0.02784432882484263
2025-08-07,0.20942202808009344,0.09974328350801152,0.10063526056733109,0.06115152836982882,0.11419406727283599,0.04140087303056746,0.014253249374578003,0.04685573385074671,0.04856167228718992,0.15257428753442498,0.06170772304990943,0.005555135121362328,0.02780733673716934
2025-08-08,0.20905764437724952,0.10013366829573639,0.10071217448215682,0.06108683422519318,0.11417212276074437,0.04140666476816663,0.01426721655745553,0.04703107226479643,0.04850089608118254,0.15275878950948774,0.06168572975056043,0.005557982425475746,0.02776525372229483
2025-08-11,0.21004594478987604,0.09912951225824694,0.10044929261064203,0.06133115047325233,0.11413564330046125,0.04137865741479858,0.01417435165379968,0.04635416416168833,0.04890629504521068,0.15194733089020276,0.06182412129707409,0.005546450676689773,0.028064251973085968
2025-08-12,0.20981963800749115,0.09943290300458678,0.10052329075719678,0.06125883741966461,0.11410737228629247,0.04138360188680103,0.014184491976082103,0.04650962414768702,0.048808464979503946,0.1521294325171063,0.06180667389043761,0.005549376583559158,0.028012509703915056
2025-08-13,0.20959822780507628,0.09975200291910506,0.10059901983444926,0.06118636939486996,0.11407642910223904,0.04138797630710528,0.014196869353875591,0.046662851961788036,0.04871610859045694,0.15229144689939572,0.06178655287513503,0.005552326024795054,0.0279638306293111
2025-08-14,0.20938350467838732,0.10007860863836333,0.10066977825223596,0.061115771578552434,0.11404793713331499,0.04139216794464107,0.014210323942253446,0.046821642096874776,0.04863612345594592,0.15244259732586213,0.06176137969332028,0.005555299403834403,0.027913226825604813
2025-08-15,0.20916892746330568,0.10041453301322047,0.10073685003430474,0.06104352403237828,0.11401374631972157,0.04139564895169773,0.014223106887093665,0.046973736923835385,0.048558131544853375,0.15261849921552725,0.06173111568688026,0.005558297068329665,0.02786507631574224
2025-08-18,0.2102073850573741,0.09934384672242799,0.10047989265901458,0.06128571308858294,0.11398216166389381,0.041366160736248624,0.014134494308538349,0.04627718086796489,0.04899558684756075,0.15176946785312237,0.06189032781101534,0.0055472301245758915,0.028148933871433267
2025-08-19,0.2100062597408755,0.09965339989290703,0.10055222377510178,0.061213239346567264,0.11395097821594899,0.041369057557704286,0.014147647301440665,0.04641819065607183,0.048912668655321935,0.1519337871240317,0.06186829229565796,0.005550266701013973,0.02809610352061048
2025-08-20,0.20979525346916503,0.09997492245125308,0.10062083345736735,0.06114167795068896,0.11392089304540085,0.041372384855425756,0.014161547089074375,0.04656472533610522,0.04883061629835079,0.152092984848885,0.06185544592667211,0.005553223296391352,0.028041858789269014
2025-08-21,0.20960587648513163,0.10028848179637435,0.10068628047218545,0.06106915860535839,0.11388978379958527,0.04137529650638087,0.014175284012879517,0.04670552255430774,0.048749027495023904,0.1522498755730577,0.061842691011795785,0.005556340697988723,0.027987129857322168
2025-08-22,0.20940771217729787,0.1006022451548844,0.10075950473193518,0.060997055128389197,0.11386135666130863,0.04137866680876598,0.014188895525399857,0.04684965726458819,0.048664542075755525,0.1523950852804855,0.061828905108503175,0.005559436177504112,0.027931578754044117
2025-08-25,0.2105068669718888,0.09946386134681777,0.10050464366244947,0.06123463097766109,0.11383540920853924,0.04134817028439513,0.014103138888443225,0.046131401814381655,0.04909990996972343,0.15155857872933265,0.06200554122940559,0.005548789040318056,0.028196284300927507
2025-08-26,0.21031877826080225,0.09975920595952592,0.10057760992079867,0.06116142501256113,0.11380854386769552,0.0413514105038268,0.014117245183079162,0.046274865880669626,0.049018108394597006,0.15170469400773284,0.061995408553495564,0.005552035400288236,0.028136149935896547
2025-08-27,0.21012817397053407,0.10005621526781112,0.10065213154822446,0.06108731626949254,0.11378198237924012,0.04135462964020548,0.014131888399317963,0.0464133626239156,0.04893687482810324,0.15185910791508297,0.061987276234389724,0.005555247800298718,0.028074647540808236
2025-08-28,0.20994994345944762,0.1003442811184142,0.10072619225275833,0.06100882780691036,0.11375481714682067,0.041357810185218044,0.014146696640536197,0.046549410974685373,0.04885582915577269,0.15202763071132505,0.06197695239575597,0.00555846127644965,0.02801452689619523
2025-08-29,0.20977050324346744,0.10062858641586482,0.10079930962596384,0.06093568407125955,0.11372740002870592,0.041361682852100276,0.01416171227271043,0.04668270229918818,0.04876954959387744,0.15218148968835501,0.0619702112187895,0.005561776844223894,0.02795486781858125
2025-09-01,0.21090785719860122,0.09936882904260277,0.10055037219488841,0.06117291139861262,0.11369222513016668,0.041328918374707625,0.014068842567117363,0.04597076850487569,0.04908871429769223,0.15144845456782655,0.062202660923869585,0.005553408339501149,0.028210360692251597
2025-09-02,0.2107454690483366,0.09963091277852766,0.10062265415710238,0.06109653582626323,0.11366420989363145,0.04133115514515127,0.014082998401723489,0.0460979034429935,0.049007970901945995,0.15162048395543992,0.062196769248729286,0.005556796898046824,0.028146866608337418
2025-09-03,0.21057482715952225,0.09990088562992888,0.10069308975450789,0.06102434390140713,0.11363780745503768,0.04133452823105601,0.014098170915729583,0.04622976605675779,0.04892316387723562,0.15178629225186482,0.0621854630257249,0.005560204660972238,0.028084280151726728
2025-09-04,0.21039133584803413,0.10017803326695073,0.10076928346960777,0.060951986290369034,0.1136154084823835,0.041338038716069274,0.014113922310200217,0.046361032663335376,0.048836764518191626,0.15194114713474652,0.06217825746564655,0.005563630788676543,0.028020769990690815
2025-09-05,0.20811068239607933,0.10454024830564078,0.10305547261422572,0.06132609800354189,0.11395954975958841,0.04203660603294324,0.014632539661305694,0.046213883557478984,0.04586976266853992,0.14948466155530837,0.058400854471052865,0.005525944491912938,0.0246256669653908
2025-09-08,0.20911086298758144,0.10324431021947436,0.10281578815881937,0.061570680906364736,0.11396877636601166,0.04200772007558978,0.014551846955542293,0.045487638075362234,0.04628548740249319,0.14870546442985264,0.058612562495876014,0.005516196816276899,0.0248448649667906
2025-09-09,0.20880203689802154,0.10353482716422023,0.10290353466454367,0.06150229498468394,0.11396013918831624,0.04201294873238811,0.014570011410383147,0.04562614321019558,0.04622081291795157,0.1488903019321678,0.05862155884391567,0.005519661095951547,0.024788543266473163
2025-09-10,0.20862699830501952,0.10376806033297012,0.10298710663713365,0.06142599825263515,0.1139427918904967,0.04201701685462653,0.014584483997688084,0.045745376224375474,0.04610732524842856,0.14907414946483877,0.05863059749422708,0.005523137548184937,0.024730637839869098
2025-09-11,0.2084462976170621,0.10398387863235983,0.10307064349920675,0.061352217948278,0.11392792123236439,0.04202163434871056,0.014598990335798685,0.045869396520972654,0.046007290272590186,0.14926103914370004,0.05863839290807171,0.005526625027311825,0.024669151404970974
2025-09-12,0.20826742712582982,0.10421818420478668,0.10315553301548866,0.06127889229226274,0.11391044079579533,0.04202572984843167,0.014615894690583652,0.045991324014334846,0.045911973748732966,0.1494294489851556,0.058642146367305775,0.0055301223517405735,0.024611259717330757
2025-09-15,0.20939658040884332,0.10284945666752725,0.10290657763262713,0.06152508133975915,0.11391906436822116,0.041995703028625306,0.014537578368638737,0.045239394117033704,0.04629824034075927,0.14863852466640792,0.0588419581546149,0.00552055023892705,0.024824065983675068
2025-09-16,0.20921546098300844,0.10310043981966431,0.10298115090351834,0.061453573747406204,0.11389865965231652,0.041999005755292924,0.01455520184835004,0.045356956787620625,0.04621372362224126,0.14882387083143533,0.058832023384531563,0.0055240616064779055,0.024768611607327715
2025-09-17,0.20903112238923027,0.10334403752709513,0.10306210066113261,0.061384014996802926,0.11388208569782586,0.04200258303532962,0.014573291042520541,0.045472151565289214,0.04612705765980914,0.14898236846235216,0.0588304047702333,0.0055275764540900895,0.024713643641261048
2025-09-18,0.20885270097875835,0.10358699823089591,0.10314038237484388,0.06131445328852398,0.11386340066988831,0.042005447929542486,0.014591262665734534,0.04558419842237245,0.04603807369227553,0.14916024310675796,0.05882207260180102,0.005531044418119797,0.024658616785860267
2025-09-19,0.20866091721228885,0.10384589024863765,0.10321425214318433,0.06124643627680713,0.11384544056768428,0.04200878229857785,0.014610010190309705,0.04570205219657641,0.045949544767985524,0.14933427039003083,0.05882057330102911,0.005534408491198792,0.02460364986247673
2025-09-22,0.20977806330836857,0.10248869623521022,0.10295291602046769,0.061500848899077205,0.113850969250359,0.04197781233812418,0.014533784986051068,0.04493367084919754,0.04632425923260535,0.14857280172043658,0.059011295689887666,0.00552480735914156,0.024827543239916153
2025-09-23,0.20958759742977984,0.10274397656789265,0.10302942946527043,0.06143415647088573,0.11383363675653278,0.04198124352834209,0.014552261162124483,0.045047060405056634,0.04623072532065996,0.1487366537501055,0.059003069549627196,0.005528236774348293,0.024774902230653817
2025-09-24,0.20940568735551368,0.10300475087099044,0.10310300288568855,0.061367385473737227,0.11381307265239976,0.041984331709237564,0.0145712300137704,0.04515707103644924,0.04614062987987444,0.14891416311494474,0.05898708630056145,0.005531662493100952,0.02472270063723109
2025-09-25,0.2092151979218314,0.10326211859326023,0.10317746384321319,0.06130144062689486,0.11379498468204384,0.04198769498433453,0.014589918515757477,0.04527561518051627,0.04605031494954581,0.1490816997881553,0.05897599674929481,0.005535142937160803,0.024671017013554664
2025-09-26,0.2090186489498067,0.10352575002212247,0.103252843932055,0.06123517282289832,0.11377647583684908,0.0419910438748858,0.014609080203642108,0.04538995701439357,0.0459602812157745,0.14925836155114594,0.058964688144318954,0.005538557203786347,0.024619619134860646
2025-09-29,0.210098218703275,0.10219199657021864,0.10299055799119942,0.061495109187166934,0.11377911481146355,0.0419604244914579,0.01453441162418169,0.04462406891298461,0.04632551644622518,0.14853191595204213,0.05912750537714802,0.005528685332861542,0.024860651172683833
2025-09-30,0.20990035551627687,0.10245128267817308,0.10306204098600523,0.061431711407625045,0.11375752954226083,0.041964421946738266,0.014553699792919338,0.04473247437710143,0.04622822012948526,0.1487110535971028,0.05911035918521376,0.005532095675494854,0.024815269248992265
2025-10-01,0.20970718129541469,0.10267126680153668,0.10313298893613575,0.06136965920848214,0.11371479045939735,0.04196532659013742,0.014562226341441591,0.04486523862269681,0.046030196664455764,0.1489911600710482,0.05911936100117803,0.005537264867009934,0.024774065640143512
2025-10-02,0.20940192781264003,0.10255042663490327,0.10302323580994636,0.06114156126219587,0.11362228944139291,0.04201645209492416,0.014606638085578891,0.045195996908758695,0.046819862117174274,0.14915881702305975,0.05853806977070887,0.005537278514756636,0.025024179846610244
2025-10-03,0.2075524447895529,0.10396022224200523,0.10039866143150217,0.06219585991870009,0.11435651703988088,0.04154135395977885,0.014438302504946753,0.046026482736795,0.04786424871210981,0.14856333831895718,0.059713452978049496,0.005520416710648195,0.025656141281772134
2025-10-06,0.21033939657327264,0.10192350067860176,0.1029972328693423,0.06152163198973448,0.11366046070394556,0.041940617949254536,0.014524424795476545,0.04433018207762415,0.04619446773653705,0.1486626666096191,0.05919668445859756,0.00553381217598552,0.024952315153672064
2025-10-07,0.21559656868426497,0.09757172240896826,0.09968977412545993,0.061332287100768906,0.11324172380002508,0.040892308921117525,0.013859051139918865,0.0429098874974931,0.04773325345122633,0.14749158678421984,0.0737274593039832,0.005544621626778314,0.025440274383684566
2025-10-08,0.21523387286263615,0.0978648298524648,0.09976645576000874,0.061277876066847106,0.11322973757326124,0.04089732561668599,0.013878379296663896,0.04303634860872765,0.047652185238437214,0.14770558127700678,0.07370277428343529,0.005547868804653752,0.025407243522522667
2025-10-09,0.21486769518747495,0.09816121570947935,0.09984262228446598,0.061224110153008125,0.1132172001268041,0.040902322508947285,0.013897580121775754,0.04315975810182979,0.0475690282629575,0.14792077603131953,0.07367548847315035,0.005551091667706549,0.025371389882577176
2025-10-10,0.2146369571510678,0.0984080952077733,0.09991422580739395,0.061162765829173564,0.11319500147390396,0.04090616153646084,0.013913067290217263,0.04326604613158055,0.047435665199883716,0.1481351501465195,0.07364586152854206,0.0055542892841913384,0.025335058560401472
2025-10-13,0.21563266008424234,0.09719747270116785,0.0996465516735897,0.06145007938678769,0.11318187196961281,0.040877000886331075,0.013838437964250936,0.04254639136757154,0.047770564891605305,0.1474696450897899,0.07377428748717398,0.005543527769288983,0.02562690179603514
2025-10-14,0.21538786158312506,0.09745748455464885,0.09971727686468232,0.06139297971741434,0.11315611645527214,0.04088075581085816,0.013855591658537437,0.04265649809534603,0.04765399347289021,0.14766912239011779,0.07372835657075906,0.005546604829882129,0.02559460939386856
2025-10-15,0.21514501591710175,0.09773170891907618,0.09978221741056188,0.06133856477939555,0.11313177633179683,0.04088435002010575,0.013873661981004303,0.04277308824543491,0.04754920683809209,0.14785912927284764,0.0736721992608225,0.005549652906038658,0.025562466559169418
2025-10-16,0.21489750244199535,0.09802204595062414,0.09984265213607453,0.061283275664528084,0.11310072433821863,0.04088725854772496,0.013890927872721419,0.042885021255536615,0.04744608155069753,0.14807413357936466,0.07360579020705427,0.005552671408675201,0.02553446638805592
2025-10-17,0.21464563326809982,0.09830962006374723,0.09990896453923191,0.06123001927444581,0.11307257887277976,0.04089040256754735,0.01390843054102567,0.04299597399529044,0.04734093739165847,0.14826205926674577,0.07354795109385366,0.005555659811712561,0.025507596531182935
2025-10-20,0.21560260035741421,0.09720276515388347,0.09962734068524597,0.061530416010947074,0.11303863152328465,0.04085897256354427,0.013834450073035647,0.042288185200821025,0.04768117527355728,0.14759378454777222,0.07360623953226286,0.005544193504830852,0.02583035538854007
2025-10-21,0.2153362485072316,0.09751575033616798,0.099685270977228,0.06147941722590563,0.11300587212963749,0.040861762576923956,0.013851837968620391,0.0424036869523909,0.04757283403343115,0.14779582291062063,0.07353999270671495,0.005546892997535549,0.025806148932411815
2025-10-22,0.21508811959326826,0.09782837202388388,0.09973931348529261,0.06142804493154363,0.1129708760562476,0.04086414031017196,0.013868848066397979,0.04251572535065945,0.04746488789625861,0.14799606434855428,0.07346991427482878,0.005549696482898564,0.02578317241275553
2025-10-23,0.21482718034912293,0.09814863238475377,0.09980033030166585,0.06137764210894662,0.11293730922315899,0.04086696699312512,0.013885507385677048,0.0426326145229471,0.047354105933762346,0.14818529214143175,0.0733947471208733,0.005552421389900016,0.02576104802542871
2025-10-24,0.21457530946312833,0.09847745956966604,0.09985845972606577,0.061327027214370326,0.11289990811844622,0.04086943512507929,0.013902445101225994,0.042747624530642084,0.04724719646813856,0.14838724088693217,0.0733088572520174,0.005555116886675189,0.02573934669414147
2025-10-27,0.21549526668803345,0.0974546357978508,0.09956766114014601,0.06163703529997524,0.11285107635054305,0.040837964714956314,0.013826204714875168,0.042072467984729425,0.04758289520427718,0.14770578590285827,0.07331939452071422,0.005543007428346247,0.026082750732894226
2025-10-28,0.21522566251201705,0.09779468204418058,0.09962684509357812,0.06158692926227069,0.11281321281579762,0.04084059701438039,0.013842601538715454,0.04219409686651354,0.04747538958574469,0.14790369765483927,0.07323274769190027,0.005545571914150614,0.02606251461573643
2025-10-29,0.214966226856928,0.09813315615291887,0.09968504805960783,0.06153270241145015,0.1127735593295737,0.04084317884728321,0.013858894905387711,0.04231552896728575,0.047368288243108035,0.14811506217412948,0.07314025376109001,0.005548083475779653,0.026044658065941823
2025-10-30,0.21470328941402583,0.09847504215002303,0.09974183465393927,0.06148411486673357,0.11273248877612098,0.04084643138850634,0.013875122815063819,0.04243652025494517,0.04725637717863115,0.148311741017504,0.07304885914171873,0.005550643801653015,0.02602822229410371
2025-10-31,0.21431507292011553,0.09846279039373353,0.09962568543563752,0.06127178449601539,0.11262365443350822,0.040896501950207234,0.013916394866365926,0.04277079776148672,0.048053612389281956,0.14848346769332624,0.07226616271141084,0.005549733305121409,0.026319987274714345
2025-11-03,0.21536383366683745,0.09781548391805431,0.09950116087028009,0.06174959537749736,0.11260322114040183,0.04081387228209046,0.013801308324081451,0.04192501404427625,0.04737631049008208,0.1479442765596404,0.07295216536246589,0.005542181277219535,0.026373588481070895
2025-11-04,0.21510172254300636,0.09817508807211307,0.0995536547511804,0.06170270033650641,0.11255783363879053,0.0408165716311156,0.01381632399714115,0.04205524025920792,0.047267428318806017,0.14814860133222174,0.07284155533378232,0.005544588553411378,0.0263582545496419
2025-11-05,0.2148257793487162,0.09854794212704794,0.09961164775514554,0.061655599440770315,0.11251548314809737,0.04081939728881801,0.013831638904520379,0.042187102486859404,0.04715751214520045,0.14834117805594205,0.07273353390254644,0.005546968952583778,0.026342303584672
2025-11-06,0.20413842393438392,0.10084503412498906,0.0981280261885787,0.06162338345546998,0.11218610783949333,0.0402776102620038,0.013648828247213836,0.04216683788277259,0.04813505976575119,0.14788535817395027,0.06754106794355107,0.005535285513462113,0.03809764875464739
2025-11-07,0.2037530713830527,0.10124960106001761,0.09819442080891373,0.06158021246690988,0.11215450768172613,0.040281960142544336,0.013664888733867907,0.042317999555887886,0.048044882848682295,0.1481057083709966,0.06745480741970117,0.0055376080410476395,0.0380815651461477
2025-11-10,0.2044762285299886,0.10035479721167974,0.09791459783134178,0.0619035097436743,0.1120951583113538,0.040252349707504465,0.013586488100696648,0.04170885962577748,0.04840189979898771,0.14744248396737006,0.06740079453402607,0.005524310202206246,0.03860561055986891
2025-11-11,0.2042209649062158,0.10071243860326594,0.09797717124489372,0.06185188629247255,0.11205366002094258,0.04025560280967199,0.013598387102653552,0.04184264519821129,0.0482592875292118,0.14765677914405495,0.06730916434501695,0.005526533767773445,0.038578308062851126
2025-11-12,0.20396127154961588,0.10105776831995304,0.09803989630547467,0.06180240987321658,0.11201412834926303,0.040259389565044705,0.013610093568809512,0.041982982674929205,0.048131563808119275,0.14787234710314012,0.0672151835139214,0.005528737413102334,0.03854429462363776
2025-11-13,0.20370472728313685,0.10142539580130411,0.09810414847302265,0.061752958008531124,0.11197164039970854,0.040262686915957024,0.013623820016333048,0.04212357504453738,0.048009608072324794,0.14806777166081173,0.06711583731517944,0.005530922305495782,0.0385145576470237
2025-11-14,0.20345321699188082,0.10180696251352923,0.09816342018333055,0.06170553546590941,0.11193124358740758,0.04026587212608611,0.013638451692053428,0.04227148527379353,0.04790024842724069,0.14825192462580133,0.0670086718843483,0.005533089653946855,0.03848212972010499
2025-11-17,0.20432141926165664,0.1009223547522783,0.09787620345884547,0.062022204992004844,0.11185654593141153,0.04023476360668924,0.013557252707247993,0.04167641175012407,0.048243723206957724,0.14756100903309644,0.06691377148475393,0.005519392346589981,0.038990262696345625
2025-11-18,0.20406921257804234,0.1013135911804935,0.0979388110145683,0.06197386973550234,0.11181424634288822,0.04023767703597387,0.01357118392928206,0.041820534337802966,0.048135133228848354,0.14773601036092499,0.06680715825624939,0.005521494580848944,0.0389561272693681
2025-11-19,0.20382549938978609,0.10170679428436218,0.0979994486169748,0.061924828511563,0.11177000144837904,0.04023994344851621,0.013584857321122148,0.04196377601854656,0.04802513824877412,0.14792793884949942,0.06669333901171848,0.005523536918792815,0.03891929346375701
2025-11-20,0.20357166214993302,0.10211794191887219,0.0980565119547732,0.06187660405136085,0.11172668739414364,0.040242699776530895,0.013599117778848459,0.04211435220544137,0.04791665866326962,0.14811370379025837,0.06658786957993204,0.005525465224423554,0.03887975059628966
2025-11-21,0.20333843858694745,0.10252657009513921,0.09811057975317865,0.061827261729777455,0.11168225971483878,0.0402451243453702,0.013613093377113285,0.04226208635698726,0.047809339058663004,0.14829596860174532,0.06648107473156356,0.0055275205200567175,0.038838658897027895
2025-11-24,0.20423972921961112,0.10166435226348708,0.09783583897830256,0.062140587943446526,0.11161634200343787,0.04021506939053828,0.013531655783627538,0.04169337864807333,0.04815536501337664,0.14754882868820346,0.06638763329339496,0.00551355585165349,0.03931039942622436
2025-11-25,0.20401232835469557,0.10208085231405449,0.0978964774851823,0.062089473123564214,0.111572950030418,0.04021786616728332,0.013545691690533743,0.04184488447546813,0.048050651102724176,0.1477255562987731,0.06627125144160247,0.005515541459399451,0.03925899246383901
2025-11-26,0.20378049115372318,0.10249434200238,0.09795884991759057,0.062038232989094964,0.11153276229868168,0.04022099729576686,0.013559420328444712,0.042006009965275426,0.04794689323179614,0.1478898071728278,0.06616207630683256,0.005517588201897589,0.039204515142529046
2025-11-27,0.203546801345568,0.10291408694692823,0.0980230256015983,0.06198567548456132,0.11149303015564103,0.040224190821266624,0.013573557841302913,0.04216490307748087,0.04784462904774347,0.14806050447731461,0.0660545256664716,0.0055195783680626965,0.039146454847010716
2025-11-28,0.20332583440709018,0.10332897775221822,0.09808707457932732,0.061928229820750705,0.11145291526848718,0.040227431800257285,0.013587752237896628,0.04232383056621573,0.04774351962249309,0.14824326029331844,0.06594429072460707,0.005521548700401431,0.03908851855616022
2025-12-01,0.20428976704496787,0.10241144866227664,0.09782221958337568,0.062234253423749566,0.1113784807059218,0.040197200319680194,0.013497673008770594,0.04179590481765391,0.04799135694078835,0.14756633989841617,0.06588883458017454,0.0055094912676685835,0.03951770735852726
2025-12-02,0.20406892304766253,0.10282597166675513,0.09788759605799688,0.062179107896102086,0.1113407278316042,0.04020081199660202,0.013511973146840233,0.04195694034715586,0.04789290964823666,0.14773377096021617,0.0657855254359248,0.005511489483432204,0.03944642113988772
2025-12-03,0.20386879398068125,0.10322958048181875,0.09795204650220479,0.06212115611567258,0.11130163004901887,0.040203593235623,0.013525131289494582,0.042117615643191955,0.04779721071777386,0.14791065454934096,0.06568025493979943,0.005513563688987276,0.03937319879891939
2025-12-04,0.20366226381052704,0.10364425075041028,0.09801521297339626,0.06206678433563188,0.11126465115106667,0.04020757866777675,0.013539205418932545,0.04228466607712747,0.047698704533831376,0.14807952031935656,0.06556989290845773,0.005515648479916377,0.039298707248873924
2025-12-05,0.20344501729719672,0.10406902604305528,0.09808452701644307,0.062011536838492816,0.11123218884111914,0.04021179915223607,0.013553783058653691,0.04245319659391532,0.047599827262143804,0.14823571978685737,0.06546464489137,0.005517745209774559,0.03922028152666798
2025-12-08,0.20875460579140986,0.10580514207986966,0.097524021783318,0.06239433748382007,0.11194144212038837,0.04032693166492318,0.013519637356262607,0.043032820607240806,0.04843706679067597,0.14811088569791309,0.06863806239261673,0.005503938765602781,0.028782810482546137
2025-12-09,0.20841498180133206,0.1062498295787043,0.09760492199458853,0.062340203816200764,0.11192487737841679,0.040333184558255526,0.013535810545150512,0.04322408080419025,0.04836154867883625,0.14829123330133528,0.06855077436444193,0.0055060874967498485,0.02872153383844541
2025-12-10,0.20807660834111433,0.10669421044595344,0.0976865088212279,0.062285527847051825,0.11190965626031468,0.04033955863221009,0.013552033614724289,0.043413039461651114,0.04828521851806358,0.1484704925187505,0.06846494895306901,0.005508254403007503,0.028653434888251256
2025-12-11,0.20787395534548705,0.10708058463549627,0.09776482119961535,0.06222194438623982,0.11188683011360567,0.040344935336866866,0.013564824487398174,0.04358541984515891,0.048159216737771085,0.14864670204502242,0.06838093590437079,0.005510440630236029,0.02858119341034088
2025-12-12,0.20766811617409597,0.10744962673717903,0.09784380896273412,0.06215998743812133,0.1118674412561132,0.04035095893701934,0.01357765834110693,0.043764045416330645,0.048048605040339094,0.1488238835040214,0.06829739560730712,0.00551264728162088,0.02850246157000672
2025-12-15,0.20872940693780517,0.10646129852974412,0.09761666472625179,0.06243943641880514,0.1118652746712058,0.040327745903250854,0.013501780365864968,0.043230628269519636,0.04843178369002432,0.14800432401579822,0.06827271169435134,0.0054993665421666635,0.02871126947844183
2025-12-16,0.2085367708414353,0.10685083396608877,0.09769421336807711,0.062376954622152224,0.11185074047065321,0.0403336506378134,0.01351824434628303,0.043413572448650295,0.04834125826611511,0.148146651589488,0.06818528628227737,0.005501656544887781,0.028625682608519068
2025-12-17,0.20834354188769183,0.10725252603304555,0.09776846038126452,0.062312430668920796,0.11183175493459253,0.040339040906696336,0.01353418678696751,0.04359186065308861,0.04825363721118901,0.14831235519788372,0.06809286809669668,0.005503971680710541,0.028541431008539564
2025-12-18,0.2081498632865276,0.10764555695592096,0.09784954929349839,0.06224883689024507,0.11181785031365825,0.04034482732260639,0.01355063268660661,0.043769115627397236,0.048165155751783116,0.1484493758319637,0.06801292174453359,0.005506312750612034,0.02845522577069454
2025-12-19,0.20796484793248848,0.10803665615935874,0.09792890034052394,0.062184180854495376,0.11180323897389269,0.040350063736332126,0.013567049519699542,0.04394449955699548,0.04807563634116355,0.14860381556647353,0.06792818943411329,0.005508631669161645,0.028366441041498054
2025-12-22,0.20905792723460906,0.10702420705192389,0.09770495913277576,0.062453244933240705,0.11182997947445049,0.04032895752213399,0.013495977232419517,0.04341493121191059,0.048487657285988674,0.1477665925333376,0.06794564618216473,0.005495727498915256,0.028529361196532207
2025-12-23,0.20888453825394185,0.1074132499426731,0.09777888386087998,0.06238608785890948,0.11182050245567048,0.04033481863302149,0.013513430499800427,0.04359011802133203,0.0484022155664243,0.14791042912346702,0.0678775471576698,0.0054981808932892786,0.028432001029006407
2025-12-24,0.20858539042086915,0.10740831717335525,0.09769097194430433,0.0621534079663073,0.11174835033090254,0.0403881991911892,0.013555460550401443,0.04398599993407811,0.04924099014566259,0.14801172899972573,0.06716780684282082,0.005497275848959065,0.02867022939259046
2025-12-29,0.20946411340636184,0.10747046026707224,0.09781238920215293,0.06244067102765456,0.11186336626195151,0.040337013104882545,0.013500810518301525,0.043593368742771206,0.04858083671109181,0.14747211119980969,0.06773999151926899,0.005493434483364127,0.028248957453418863
2025-12-30,0.20928746817630403,0.10784407995346561,0.0978949156414068,0.062369573897089726,0.11186577568068806,0.04034425206687945,0.01351947076598335,0.04377645581076414,0.048502073253299915,0.14760396220340086,0.06768597238154381,0.005496107586496986,0.028140497313778424
2025-12-31,0.2091067737333434,0.10822090594961017,0.09797894516801998,0.062297086175681964,0.11186934536972848,0.04035161471779612,0.013538719584845121,0.04395574891129768,0.04842486979903426,0.14774379297085738,0.06763561004059837,0.00549875442444648,0.02803047904080564
