Date,Forecast_Fraction_12,Forecast_Fraction_13
2025-01-01,0.0,0.0
2025-01-02,0.0,0.0
2025-01-03,0.0,0.0
2025-01-06,0.0,0.0
2025-01-07,0.0,0.0
2025-01-08,0.0,0.0
2025-01-09,0.0,0.0
2025-01-10,0.0,0.0
2025-01-13,0.0,0.0
2025-01-14,0.0,0.0
2025-01-15,0.0,0.0
2025-01-16,0.0,0.0
2025-01-17,0.0,0.0
2025-01-20,0.0,0.0
2025-01-21,0.0,0.0
2025-01-22,0.0,0.0
2025-01-23,0.0,0.0
2025-01-24,0.0,0.0
2025-01-27,0.0,0.0
2025-01-28,0.0,0.0
2025-01-29,0.0,0.0
2025-01-30,0.0,0.0
2025-01-31,0.0,0.0
2025-02-03,0.0,0.0
2025-02-04,0.0,0.0
2025-02-05,0.0,0.0
2025-02-06,0.0,0.0
2025-02-07,0.0,0.0
2025-02-10,0.0,0.0
2025-02-11,0.0,0.0
2025-02-12,0.0,0.0
2025-02-13,0.0,0.0
2025-02-14,0.0,0.0
2025-02-17,0.0,0.0
2025-02-18,0.0,0.0
2025-02-19,0.0,0.0
2025-02-20,0.0,0.0
2025-02-21,0.0,0.0
2025-02-24,0.0,0.0
2025-02-25,0.0,0.0
2025-02-26,0.0,0.0
2025-02-27,0.0,0.0
2025-02-28,0.0,0.0
2025-03-03,0.0,0.0
2025-03-04,0.0,0.0
2025-03-05,0.0,0.0
2025-03-06,0.0,0.0
2025-03-07,0.0,0.0
2025-03-10,0.0,0.0
2025-03-11,0.0,0.0
2025-03-12,0.0,0.0
2025-03-13,0.0,0.0
2025-03-14,0.0,0.0
2025-03-17,0.0,0.0
2025-03-18,0.0,0.0
2025-03-19,0.0,0.0
2025-03-20,0.0,0.0
2025-03-21,0.005714593377920625,0.0
2025-03-24,0.0,0.0
2025-03-25,0.0,0.0
2025-03-26,0.0,0.0
2025-03-27,0.0,0.0
2025-03-28,0.005930550890800253,0.0
2025-03-31,0.0,0.0
2025-04-01,0.0,0.0
2025-04-02,0.0,0.0
2025-04-03,0.0,0.0
2025-04-04,0.005953860797973672,0.0
2025-04-07,0.0,0.0
2025-04-08,0.0,0.0
2025-04-09,0.0,0.0
2025-04-10,0.0056604079969718455,0.0
2025-04-11,0.00620730924408618,0.0
2025-04-14,0.0,0.0
2025-04-15,0.0,0.0
2025-04-16,0.0,0.0
2025-04-17,0.0,0.0
2025-04-18,0.0,0.0
2025-04-22,0.0,0.0
2025-04-23,0.0,0.0
2025-04-24,0.006176136484760587,0.0
2025-04-25,0.006677663501175663,0.0
2025-04-28,0.0,0.0
2025-04-29,0.0,0.0
2025-04-30,0.0,0.0
2025-05-01,0.0,0.0
2025-05-02,0.0,0.0
2025-05-05,0.0,0.0
2025-05-06,0.005792388982680954,0.0
2025-05-07,0.006323974806083371,0.0
2025-05-08,0.006809759432550473,0.0
2025-05-09,0.007244179077480371,0.0
2025-05-12,0.0,0.0
2025-05-13,0.006009242970406477,0.0
2025-05-14,0.006519479710161191,0.0
2025-05-15,0.006983709220903155,0.0
2025-05-16,0.007393593796572645,0.0
2025-05-19,0.005635714922746064,0.0
2025-05-20,0.006174128527733914,0.0
2025-05-21,0.00666127977385044,0.0
2025-05-22,0.007099698335385575,0.0
2025-05-23,0.007495817572873516,0.0
2025-05-26,0.005752581360281946,0.0
2025-05-27,0.006273447886814997,0.0
2025-05-28,0.006281362881809471,0.0
2025-05-29,0.0,0.0
2025-05-30,0.005766286919714727,0.0
2025-06-02,0.005973325755323111,0.0
2025-06-03,0.0064597400127656196,0.0
2025-06-04,0.006904807838529174,0.0
2025-06-05,0.007303384961883889,0.0
2025-06-06,0.007652101098309926,0.0
2025-06-09,0.0,0.0
2025-06-10,0.0,0.0
2025-06-11,0.006821539451160237,0.0
2025-06-12,0.00721955516470063,0.0
2025-06-13,0.007575940417156812,0.0
2025-06-16,0.005747753895276895,0.0
2025-06-17,0.00623490798705954,0.0
2025-06-18,0.006208377954791337,0.0
2025-06-19,0.0,0.0
2025-06-20,0.0,0.0
2025-06-23,0.0,0.0
2025-06-24,0.006006299904033188,0.0
2025-06-25,0.006454882139572559,0.0
2025-06-26,0.006879830836497679,0.0
2025-06-27,0.007261248572701661,0.0
2025-06-30,0.0,0.0
2025-07-01,0.0059154295859026795,0.0
2025-07-02,0.0063746926091928745,0.0
2025-07-03,0.006799327619487923,0.0
2025-07-04,0.007177527363095424,0.0
2025-07-07,0.0,0.0
2025-07-08,0.005863099767004776,0.0
2025-07-09,0.0063231571911589145,0.0
2025-07-10,0.006749487184517034,0.0
2025-07-11,0.007138747487957614,0.0
2025-07-14,0.0,0.0
2025-07-15,0.0,0.0
2025-07-16,0.006026642857268456,0.0
2025-07-17,0.006478855921898609,0.0
2025-07-18,0.00689096648386244,0.0
2025-07-21,0.0,0.0
2025-07-22,0.0,0.0
2025-07-23,0.005723739349350728,0.0
2025-07-24,0.00619160232688091,0.0
2025-07-25,0.00664234718820287,0.0
2025-07-28,0.0,0.0
2025-07-29,0.0,0.0
2025-07-30,0.0,0.0
2025-07-31,0.005984941682485008,0.0
2025-08-01,0.006633613362359064,0.0
2025-08-04,0.0,0.0
2025-08-05,0.0,0.0
2025-08-06,0.0,0.0
2025-08-07,0.006059939322893006,0.0
2025-08-08,0.006533803265958636,0.0
2025-08-11,0.0,0.0
2025-08-12,0.0,0.0
2025-08-13,0.0,0.0
2025-08-14,0.006041451450642381,0.0
2025-08-15,0.006533676196188348,0.0
2025-08-18,0.0,0.0
2025-08-19,0.0,0.0
2025-08-20,0.0,0.0
2025-08-21,0.006129683744897117,0.0
2025-08-22,0.0066236015063262325,0.0
2025-08-25,0.0,0.0
2025-08-26,0.0,0.0
2025-08-27,0.005785404650819585,0.0
2025-08-28,0.006317190293011985,0.0
2025-08-29,0.006808709561716304,0.0
2025-09-01,0.0,0.0
2025-09-02,0.005672537013725105,0.0
2025-09-03,0.006222202262621089,0.0
2025-09-04,0.006730595286829682,0.0
2025-09-05,0.007188060937795326,0.0
2025-09-08,0.0,0.0
2025-09-09,0.0059746169762506796,0.0
2025-09-10,0.006506934454254725,0.0
2025-09-11,0.006988028334594418,0.0
2025-09-12,0.007417610283207329,0.0
2025-09-15,0.005737238661595126,0.0
2025-09-16,0.006287380787580073,0.0
2025-09-17,0.006801958141653734,0.0
2025-09-18,0.007253062986691275,0.0
2025-09-19,0.007654359640762348,0.0
2025-09-22,0.006070168920872801,0.0
2025-09-23,0.006590245741153777,0.0
2025-09-24,0.007059949849440014,0.0
2025-09-25,0.00747361892182039,0.0
2025-09-26,0.00783868836525203,0.0
2025-09-29,0.0063257345102287685,0.0
2025-09-30,0.0068163179322149,0.0
2025-10-01,0.0074039249910770365,0.0
2025-10-02,0.007426390200756213,0.0
2025-10-03,0.0,0.0
2025-10-06,0.006673525297274007,0.0
2025-10-07,0.0064204381724132075,0.0
2025-10-08,0.006890575416092576,0.0
2025-10-09,0.0073109922245037815,0.0
2025-10-10,0.007676637123607504,0.0
2025-10-13,0.005980609442397293,0.0
2025-10-14,0.006474141845480094,0.0
2025-10-15,0.006924087924925093,0.0
2025-10-16,0.0073265081080167585,0.0
2025-10-17,0.0076785107139082575,0.0
2025-10-20,0.005916417361595536,0.0
2025-10-21,0.006386060817672775,0.0
2025-10-22,0.006820255027563188,0.0
2025-10-23,0.007211588470473688,0.0
2025-10-24,0.007556683669457781,0.0
2025-10-27,0.005678288871050407,0.0
2025-10-28,0.006143930923838349,0.0
2025-10-29,0.006581609496801911,0.0
2025-10-30,0.006985628839119332,0.0
2025-10-31,0.006941464187304593,0.0
2025-11-03,0.0,0.0
2025-11-04,0.005969826689839648,0.0
2025-11-05,0.006405321376917463,0.0
2025-11-06,0.006803429191362813,0.0
2025-11-07,0.007166650049479065,0.0
2025-11-10,0.0,0.0
2025-11-11,0.0,0.0
2025-11-12,0.00591147852676367,0.0
2025-11-13,0.006332414383816617,0.0
2025-11-14,0.006724041342758461,0.0
2025-11-17,0.0,0.0
2025-11-18,0.0,0.0
2025-11-19,0.0,0.0
2025-11-20,0.0057530517812684106,0.0
2025-11-21,0.006171092811070779,0.0
2025-11-24,0.0,0.0
2025-11-25,0.0,0.0
2025-11-26,0.0,0.0
2025-11-27,0.0,0.0
2025-11-28,0.0,0.0
2025-12-01,0.0,0.0
2025-12-02,0.0,0.0
2025-12-03,0.0,0.0
2025-12-04,0.0,0.0
2025-12-05,0.0,0.0
2025-12-08,0.0,0.0
2025-12-09,0.0,0.0
2025-12-10,0.0,0.0
2025-12-11,0.0,0.0
2025-12-12,0.0,0.0
2025-12-15,0.0,0.0
2025-12-16,0.0,0.0
2025-12-17,0.0,0.0
2025-12-18,0.0,0.0
2025-12-19,0.0,0.0
2025-12-22,0.0,0.0
2025-12-23,0.0,0.0
2025-12-24,0.0,0.0
2025-12-29,0.0,0.0
2025-12-30,0.0,0.0
2025-12-31,0.0,0.0
