Date,Forecast_Fraction_1,Forecast_Fraction_2,Forecast_Fraction_3,Forecast_Fraction_4,Forecast_Fraction_5,Forecast_Fraction_6,Forecast_Fraction_7,Forecast_Fraction_8,Forecast_Fraction_9,Forecast_Fraction_10,Forecast_Fraction_11,Forecast_Fraction_12,Forecast_Fraction_13
2025-01-01,0.21271432399777448,0.11470754682005602,0.10246929451737692,0.06519431788994573,0.11315315634891158,0.041647334939195375,0.013850849856837023,0.04872253133366539,0.055963381775913305,0.14625109993269095,0.04849413141268302,0.0,0.0
2025-01-02,0.2140773020642015,0.1147335458089442,0.10493595395690254,0.06315115637883079,0.11226539988406567,0.04239150459654581,0.013850806922826807,0.04804903014786391,0.0537461929830493,0.14804113956109272,0.04966406353464828,0.0,0.0
2025-01-03,0.21372494764007205,0.11489794517857212,0.10555154929933395,0.06300040500065497,0.11241345467070031,0.04265059110928304,0.014094581329358343,0.048242834206725774,0.053441855486441044,0.14798189684949514,0.047978641997430564,0.0,0.0
2025-01-06,0.21486579822857446,0.113970959849214,0.10534539213533324,0.06343582705503827,0.112507719770351,0.042610553523139374,0.01399249285125004,0.04762667015305473,0.05388031865715942,0.14706849534146257,0.048095485560767474,0.0,0.0
2025-01-07,0.2146514267908549,0.11420528562660728,0.10544084241182859,0.06329681639807627,0.1125263640957539,0.04263639893764644,0.014019906114186239,0.047818314289152654,0.05377891639762925,0.14727744917627533,0.048084653249179515,0.0,0.0
2025-01-08,0.2144382992320379,0.11445409983152054,0.1055376934413432,0.06315821215993823,0.11254303178424317,0.04266117112616798,0.01405143410066443,0.04800802944941981,0.05368376358189115,0.1474622434377452,0.04807150179232258,0.0,0.0
2025-01-09,0.21422797384215614,0.11471052591811882,0.10562842482393106,0.06302284833812383,0.11256296741377855,0.04268586879689889,0.014084664165775942,0.04820453870340474,0.05360393748773362,0.14763553369529847,0.04805356604494178,0.0,0.0
2025-01-10,0.21401359432304556,0.11497574716189371,0.10571439358719842,0.06288369189359783,0.11257760780463531,0.04270906534521283,0.014117108957182782,0.04839401055870259,0.05352717464764652,0.1478411528724652,0.048030159547270565,0.0,0.0
2025-01-13,0.21512152583160496,0.11402794915008378,0.10550299913048308,0.06331519858343104,0.11269228849486403,0.04267355925560405,0.014023601385816799,0.04776498712947092,0.05401388765560088,0.14691023745886292,0.048177836322592454,0.0,0.0
2025-01-14,0.21490367490261025,0.11427869484549202,0.10559217449336707,0.06317542550692612,0.1127118423213505,0.04269658882224409,0.01405662397661607,0.04794411155955962,0.053934395777626716,0.14710735385706164,0.04816456713892203,0.0,0.0
2025-01-15,0.2251157358312364,0.11308604572232371,0.10432328495135058,0.06253575314259169,0.11154648544284312,0.04214462579086855,0.013888385816929718,0.04589190397988716,0.04678031187242822,0.14041253280077035,0.06599479858975033,0.0,0.0
2025-01-16,0.22473060535559633,0.11336301531517948,0.10442026719996737,0.06240631444299003,0.11157976049327145,0.042174134694107135,0.013924492262650964,0.046089771016527205,0.04673459795908101,0.1406246183816465,0.066004758871787,0.0,0.0
2025-01-17,0.22434256827051888,0.11363872871780235,0.10451675378985609,0.06227697285411459,0.11161371778229118,0.04220386417441368,0.01396001612632047,0.04628334484682174,0.046686750074228185,0.14083798329549027,0.0660167387600428,0.0,0.0
2025-01-20,0.2254601387158215,0.11265608296835711,0.10430106992932042,0.06268765050245483,0.11174195935743718,0.042174684039774805,0.013866672537667548,0.04566459767273132,0.04708791960055702,0.14002426658951111,0.06628204004080865,0.0,0.0
2025-01-21,0.2252050933544958,0.11286657318822421,0.10439057925391365,0.06254459638275178,0.11177058266759969,0.042203447991617044,0.01389611692734813,0.045838464361257304,0.0470045505721651,0.1402440069882524,0.0663006785500119,0.0,0.0
2025-01-22,0.2249497658277508,0.11309174920803526,0.10448090257244187,0.06240241082961993,0.1117964915167126,0.04223099213863866,0.013929479790160227,0.04601011474322677,0.04692621370903158,0.14044187435534072,0.06631539974904084,0.0,0.0
2025-01-23,0.22469585602747486,0.1133248269523882,0.10456460019693577,0.06226388969090379,0.1118248789340118,0.042258297936364056,0.013964364136208645,0.0461879259129365,0.046860836678278145,0.1406298873352805,0.06632275847922875,0.0,0.0
2025-01-24,0.22443624257802772,0.11356698642912735,0.10464302313477813,0.06212207948579642,0.11184722313046178,0.042283946220696325,0.013998297735974628,0.046358662040852795,0.04679769246136534,0.14084977235503768,0.0663217613708441,0.0,0.0
2025-01-27,0.22548488544813833,0.11257469264974321,0.1044105798444593,0.06253788666060009,0.1119797493216406,0.04225573245286362,0.013909713622089946,0.045722839576794426,0.04723249222098115,0.14004021569248165,0.06661487337456294,0.0,0.0
2025-01-28,0.22521628210652253,0.11280451017247146,0.10449007038769426,0.0623971954900917,0.11200373626641923,0.04228046342540945,0.013943460695493423,0.04588283673369524,0.04716513322451171,0.14025570986821792,0.06662447446347002,0.0,0.0
2025-01-29,0.21863076085771485,0.10948758404463813,0.10264754875967627,0.06227553085063721,0.11142263880835397,0.041720513371784486,0.014083769941144738,0.04384352269833997,0.048041170920490275,0.1374347063679705,0.06837606363403712,0.0,0.0
2025-01-30,0.2182155911511879,0.10973947502586226,0.10273341119678085,0.06214482372399516,0.11145875624573859,0.04175122498131128,0.014120981706252214,0.04402131526663215,0.04799542986196503,0.1376709415223882,0.06841311795080869,0.0,0.0
2025-01-31,0.21779681753576008,0.1099905637084436,0.10281831915204422,0.062014615622924166,0.11149472689998684,0.04178194937562771,0.014157397955866022,0.04419482822817897,0.04794699282266237,0.13790923647427644,0.06845126836483939,0.0,0.0
2025-02-03,0.2187695794162692,0.10894305148620967,0.10257372482934721,0.062423672767220786,0.11160522305617744,0.04174928698231284,0.014044376267108371,0.04358606193270665,0.048258696715771404,0.13728967445972406,0.06882745939647092,0.0,0.0
2025-02-04,0.21847718780798545,0.10913279714658373,0.10265013808622125,0.062281289308486414,0.11163257137879554,0.041778192236175744,0.01407375011967373,0.043740638443096606,0.04817189546031635,0.1375368255570038,0.0688684417655817,0.0,0.0
2025-02-05,0.2181841804542957,0.10933713672702051,0.1027269821714774,0.06214011086034984,0.11165640243017995,0.04180566952975037,0.014106880798213284,0.04389304316173783,0.04808973319764981,0.1377630943239018,0.06890427448548136,0.0,0.0
2025-02-06,0.2178923093713497,0.10954949570194215,0.10279696474246404,0.062002906161434224,0.11168191323020625,0.04183268866416713,0.0141413398936902,0.044051289871749263,0.048020334408046476,0.1379802071998707,0.06893136332572594,0.0,0.0
2025-02-07,0.21759477364594698,0.10977099907298654,0.10286143898114,0.0618627350714602,0.1117006053272791,0.04185784348568387,0.014174623726789163,0.04420277646267953,0.04795270700682034,0.13822905531501345,0.06894866180476633,0.0,0.0
2025-02-10,0.21847307526701798,0.1087767566748483,0.10259359707676446,0.062281701996295284,0.11181753504051747,0.041827867494544334,0.014080486637505569,0.04356358576214848,0.048386233306461,0.137534963359374,0.06930191947494073,0.0,0.0
2025-02-11,0.21816697847756664,0.108987801124676,0.10265813732038835,0.06214374368059152,0.11183489348103635,0.04185121983522794,0.014112768557589413,0.04370529767984304,0.0483121877500949,0.13778048792740774,0.06932585045423319,0.0,0.0
2025-02-12,0.21781641970567164,0.10775877270814939,0.10295486067623981,0.060600864895442134,0.11228505422723628,0.04191903363742854,0.014260940605657023,0.045571429339774455,0.048761922228892605,0.14477886692503342,0.06292407341129495,0.0,0.0
2025-02-13,0.21735778191620084,0.107996374401528,0.10302703740653783,0.06047621831464479,0.11231346464961527,0.041948319926349044,0.014296331307830158,0.04574538781555874,0.0487093727948971,0.14506351336758092,0.06296881496943052,0.0,0.0
2025-02-14,0.21689622307151443,0.10823340959232952,0.10309811364223954,0.06035224590715888,0.11234107714497946,0.04197739973819779,0.014330719227638419,0.045915041769367095,0.04865358850540812,0.1453504279244868,0.06301357778908961,0.0,0.0
2025-02-17,0.2177161733110807,0.10722549621641929,0.10281020703963044,0.06075762770235752,0.11244182747073381,0.04194435124793712,0.01422637021316846,0.045236000177356045,0.049047605103075056,0.1447133080775741,0.06335557084561767,0.0,0.0
2025-02-18,0.2173836432698039,0.10740308183538466,0.10287255047184066,0.06062243206289498,0.11245843500552159,0.0419707674237129,0.014252976794492604,0.04538698747893912,0.04895072856075202,0.1450088295042476,0.06339908761953994,0.0,0.0
2025-02-19,0.2170516149324562,0.10759513771317548,0.10293532792497881,0.06048851143725747,0.11247099680627201,0.04199554748397934,0.014283221007608734,0.04553597669919085,0.048858123121426324,0.14528213195672507,0.06343692764916073,0.0,0.0
2025-02-20,0.21672192283827732,0.10779516492165289,0.10299126218426084,0.06035854411856554,0.11248478149527118,0.042019670631943555,0.014314648590677615,0.0456913017140388,0.048778051653494116,0.14554550934263377,0.06346579642862799,0.0,0.0
2025-02-21,0.21638789192319915,0.10800424201927326,0.10304174074889931,0.06022575735192925,0.11249126416438561,0.0420417298593643,0.014344731788668257,0.0458399102222636,0.04869935644944423,0.1458420388084582,0.0634847465204242,0.0,0.0
2025-02-24,0.2171546383412136,0.10699985791540505,0.10273196233693581,0.06064506105732143,0.1125697311758555,0.042000942807551685,0.014237972507506205,0.04515412655658468,0.04910675658025492,0.14520813824160192,0.06381386272174373,0.0,0.0
2025-02-25,0.2168178423865455,0.10719871919503596,0.10278311165653137,0.06051459062527976,0.11257349145700085,0.04202049840458677,0.014266558851394027,0.04529415193929254,0.04901984467248808,0.1454989828726701,0.06383550338211846,0.0,0.0
2025-02-26,0.21511629517153452,0.10827997842421441,0.10456758450578388,0.061730557004825985,0.11248380123826962,0.041819492428569374,0.014557753952903997,0.04437186428886968,0.04929499034916841,0.14993918997851788,0.052982925700806996,0.0,0.0
2025-02-27,0.21463438884376712,0.10850976803598512,0.10462765011333706,0.06160751620144174,0.11249810338029105,0.04184453335497921,0.014589550016930025,0.04453534057126883,0.04922928455183677,0.15026511166783346,0.05301896310750012,0.0,0.0
2025-02-28,0.21415146066709084,0.10873885261389116,0.10468686170301901,0.061485122732309834,0.11251143343716333,0.041869225517522334,0.014620226348524761,0.044695021974916656,0.04915998054196732,0.15059267048713418,0.05305439449321172,0.0,0.0
2025-03-03,0.21490907195657133,0.10764680658679911,0.10435775920056023,0.06191166754355869,0.11254975649650087,0.04181620783553671,0.014481429259563515,0.04403666848391492,0.04941531356261564,0.15011145910983834,0.05335514456298623,0.0,0.0
2025-03-04,0.2145612079605628,0.10781547420370408,0.10440948422253632,0.061777589695531925,0.11255177520675161,0.04183776886481265,0.014503930808969358,0.04418005834880325,0.049303473051671404,0.1504445084397409,0.05338724827465736,0.0,0.0
2025-03-05,0.21421592726965188,0.10799842889769408,0.10446204268177249,0.06164470626993933,0.11254977501886293,0.0418576012935952,0.014530093617732304,0.04432195630643803,0.04919572019737073,0.15075355150220796,0.05341405788594779,0.0,0.0
2025-03-06,0.21387507457424892,0.10818912438741367,0.10450807345586148,0.06151573652200953,0.11254906892761499,0.041876691153190405,0.014557428964980742,0.04447048409937625,0.049100389193395856,0.15105129111872004,0.0534328247872719,0.0,0.0
2025-03-07,0.2135320917724892,0.1083886223958355,0.10454900891240748,0.06138376829490474,0.11254116727551854,0.04189364642987762,0.014583376695351298,0.04461294719679048,0.04900626125433698,0.15138239365225878,0.053442777902841875,0.0048105066464725205,0.0
2025-03-10,0.21426154402873918,0.10734833505004124,0.10420683662265406,0.06182053903063782,0.11257754319963818,0.041837599723318054,0.01446111264317778,0.04394202080824711,0.04936992397836727,0.1507870550760689,0.05369922015398015,0.0,0.0
2025-03-11,0.21392459236739758,0.10753647603223392,0.10425045858614969,0.06169038771258387,0.11256774395997526,0.041851866514337054,0.014485632245424542,0.04407810293173426,0.04926680984015267,0.1511075224085452,0.05370980066448926,0.0,0.0
2025-03-12,0.20624402274730774,0.1072056268539825,0.10265320324952404,0.06095474829811718,0.11342421502636812,0.042073367073786685,0.014450375130756872,0.04719186947369832,0.04993343087847694,0.15454765070588145,0.051686543738714584,0.0,0.0
2025-03-13,0.2057818199539796,0.10742116678695228,0.10270511438073396,0.06083575634815912,0.11342561672460649,0.042093285394350324,0.014477537981069714,0.047366597238080996,0.04985069916380595,0.15489985345462773,0.05171372541603282,0.004976713717494425,0.0
2025-03-14,0.20532078727421677,0.1076356427404962,0.10275674331882344,0.06071723301993054,0.11342641118779287,0.04211284738445561,0.014503644583520962,0.04753782499839224,0.04976427950730723,0.15525245989412967,0.05174002740692971,0.005533797567811699,0.0
2025-03-17,0.20604809012632694,0.10656731464301511,0.10241768922641015,0.061142465322558494,0.11344879596646854,0.04205023893543044,0.014372286492579073,0.04682762951221612,0.050076315125893146,0.1546961971319312,0.05198440985073862,0.0,0.0
2025-03-18,0.2057250900625431,0.10672081243750974,0.10246433683799136,0.06101172104436318,0.11344001061381086,0.04206675652379754,0.014390703687695171,0.04698354501659068,0.04994651652975764,0.15504879374017022,0.05200649097786406,0.0,0.0
2025-03-19,0.20540662154725917,0.10688809716181356,0.10251241015668949,0.06088197501506818,0.11342770802030656,0.04208158475358607,0.014412861455232255,0.04713839959281862,0.04982095115431537,0.15537528029280978,0.05202323535102489,0.0,0.0
2025-03-20,0.20509441680045992,0.10706269011273281,0.10255469229707873,0.06075591398901699,0.113417270594286,0.04209572588263629,0.014436298291467125,0.04730082937933709,0.04970807352615121,0.15568873472980047,0.052031989281895244,0.005169786409051931,0.0
2025-03-21,0.20478214561447572,0.1072456457107756,0.10259259462865504,0.060626713098249824,0.11340016936887605,0.042107791363155955,0.014458484227076799,0.04745732967064624,0.049596538339788825,0.15603518680378026,0.05203202584403624,0.005728334916072405,0.0
2025-03-24,0.20554355650570746,0.10617169783679217,0.10225379128767081,0.06106050801310848,0.11341315281383872,0.04203708833699857,0.01432762177239255,0.046761132075668115,0.04991607569211677,0.1554286188203871,0.052251998234791985,0.0,0.0
2025-03-25,0.20524466862223054,0.10634237085515341,0.10229683470291721,0.06093242809291551,0.11339671256958779,0.04204684570037785,0.01434902014856688,0.04691270688683335,0.04979594909666258,0.15575852698651899,0.052252251409415716,0.0,0.0
2025-03-26,0.2109597975720248,0.10346051295035052,0.0996819115189238,0.05913901947261188,0.11268598196979766,0.041338481476958955,0.014308363580229069,0.045760268064461894,0.04882259614447461,0.1529296480251122,0.06928493439603944,0.0,0.0
2025-03-27,0.2105156234275757,0.10365308931312311,0.09973376321055087,0.05902372733862952,0.11268223585197817,0.04135379886778819,0.014332720507900106,0.04593715699927091,0.04872650764874224,0.15327506310417405,0.06930795121046833,0.00516328134884475,0.0
2025-03-28,0.21007423104668763,0.10384440203817209,0.09978594083732804,0.058908747443482415,0.1126786020916204,0.041368900094415774,0.014356208168306468,0.046111110159633026,0.048627066114910175,0.15361954571550587,0.0693297562806522,0.005723968114197248,0.0
2025-03-31,0.21091903533851253,0.10276645191836996,0.0994663060012178,0.05932056636585966,0.11269196993443002,0.041295970954362354,0.014220328948325433,0.045447810148416395,0.048888171713164376,0.1530482492343838,0.06961674660673693,0.0,0.0
2025-04-01,0.2106431544679353,0.1028491872033028,0.09951604337773727,0.05919520409747719,0.11266280012593788,0.04130240506619758,0.014218496368776291,0.045625139930902926,0.04864728550725839,0.15348342350387828,0.069663101926087,0.0,0.0
2025-04-02,0.21035479489795905,0.10299439667775565,0.09956763674331431,0.05906873462451811,0.11264987393452998,0.04131365527340414,0.014239037551141752,0.0457851448293132,0.0485113006788737,0.15379594747366535,0.0696721468903846,0.0048945813050715525,0.0
2025-04-03,0.21007397813326129,0.10314658924081198,0.09961415041962735,0.058945749534929454,0.1126395566609851,0.04132441037273934,0.014261046100653057,0.0459528882313689,0.048388040158047464,0.15409436661929107,0.06967055039160815,0.005464340071472669,0.0
2025-04-04,0.20979412776061065,0.10330681047690411,0.09965694151470053,0.05881963781472052,0.1126233774633665,0.04133331369687474,0.014282025783032616,0.04611523931833214,0.048266466335253784,0.1544242656516826,0.06965735513722182,0.0060204083540451965,0.0
2025-04-07,0.2107006368482674,0.10222516046051561,0.09934870196053115,0.059237810102610734,0.11264319358714918,0.041256281176674986,0.014151240088864538,0.04547082357327095,0.04854026146619009,0.1537787127865826,0.0699124764591982,0.0,0.0
2025-04-08,0.21043802053960187,0.10237403795255358,0.09939842674734005,0.059112563655106,0.1126306539224357,0.04126372206103179,0.0141722917369895,0.04562943220405158,0.048411823185451175,0.15408800331798808,0.06989989204193572,0.0,0.0
2025-04-09,0.2106221047322964,0.1005922767385878,0.09751728645234338,0.057834491745191945,0.11267607890929843,0.04118161864158903,0.014223150959005412,0.04262576556267285,0.0479512817959227,0.15349866675660248,0.08327131629842369,0.0,0.0
2025-04-10,0.21022359058932266,0.10076475015056079,0.09757661865518451,0.05772073437976387,0.11267756437219709,0.04119517084090223,0.01424770393927057,0.042801436699385756,0.04784620142591377,0.15382646013226522,0.08328383152102879,0.004970310141898394,0.0
2025-04-11,0.20982813083711596,0.10093622456035276,0.09763667337226241,0.0576072833163,0.112679862780383,0.041208723487048966,0.014271604729967587,0.04297462282391426,0.04773828077263992,0.15415238906806547,0.08329501118163167,0.005541778487648829,0.0
2025-04-14,0.21081020991771124,0.09984748161801632,0.09735300158193419,0.05800705964317016,0.11271507114685453,0.041132934136242694,0.01413939816034593,0.04239010410665795,0.0479661936127345,0.15351537270054294,0.08359533532133893,0.0,0.0
2025-04-15,0.21056242622493862,0.09996295934064436,0.09741193807569429,0.0578816433316541,0.11271344278225219,0.04114501954029011,0.014157328665217996,0.042551363795237974,0.047819530244025535,0.15383313471814544,0.0836001401374804,0.0,0.0
2025-04-16,0.21032031144332217,0.10009171787069188,0.09747306836802146,0.057757137951179364,0.11270967907285354,0.04115584820023328,0.014179336711145404,0.04271218994088375,0.04767777829850267,0.1541230537902139,0.08359653348293727,0.0,0.0
2025-04-17,0.2101420346538434,0.09982366572965762,0.09735425200492707,0.057349018418178625,0.11266709302057981,0.04128634231365133,0.014248928579578744,0.04305935918191168,0.048396481318893035,0.15422981535212854,0.08251538135839014,0.005008486017844829,0.0
2025-04-18,0.20818225870974233,0.1007364453196259,0.09491304527688786,0.059283140777344,0.11348628651827553,0.040256020062012246,0.014045945191989642,0.04385841665415338,0.049546007224586866,0.153323865600055,0.08438351172741179,0.0,0.0
2025-04-22,0.21067869218793303,0.09954661094181753,0.09689626375383881,0.057824785298636376,0.1126286027658164,0.0408850372206763,0.013915689098428602,0.04265557062537436,0.047758720541322006,0.15451832545413866,0.08670680674939694,0.0,0.0
2025-04-23,0.21045780181969292,0.09956343507877378,0.09743359535575226,0.05767731131977861,0.11275661835339612,0.041118137942149656,0.014151390995557265,0.042801843960608286,0.04741269817139964,0.15452264712467884,0.0837646107088476,0.004983263923784255,0.0
2025-04-24,0.21020405369979703,0.09867331086429094,0.09634421589488923,0.05900249630312504,0.1126027167199207,0.04123489085442834,0.01410530783967753,0.03969071026038314,0.05233621693660948,0.1558205460263707,0.08353445975547272,0.005192630312659367,0.0
2025-04-25,0.20985047276371668,0.0988355631184327,0.09641553215391545,0.05888660581374447,0.11261828373330425,0.04125003864800873,0.014132826475259957,0.03986585728758359,0.05221683679348223,0.15612460608703976,0.08353221791713795,0.00576042498523664,0.0
2025-04-28,0.2108068462494085,0.09779562508168506,0.09617534296124867,0.05931370671606116,0.11270471747141404,0.041183051762159,0.014017776458583433,0.03937282562798603,0.052511962051066535,0.1554009099709091,0.08379216183926272,0.0,0.0
2025-04-29,0.2106013972133516,0.09791782824942868,0.0962454303133209,0.059181310658182947,0.11271519101729376,0.041196155925103825,0.014039303846685752,0.03952769857734502,0.05233478787966245,0.15569338291803553,0.08378541368033633,0.0,0.0
2025-04-30,0.210448436789814,0.09763387869239741,0.09614326472303565,0.05876037348537557,0.11268697023501645,0.041330940566881726,0.014106344263846743,0.03985471443174192,0.053102824371871714,0.15581663026967102,0.08270802000051763,0.0,0.0
2025-05-01,0.20853275844066885,0.098463515732034,0.09375256758686569,0.060745584253555356,0.1135050068210098,0.04029795500841227,0.013890406695568418,0.04061914752214159,0.054234757110200926,0.1549543439271488,0.08462898671281174,0.0,0.0
2025-05-02,0.21000889253684343,0.09835883791610833,0.09598618188099421,0.05883457283250988,0.11260967504879536,0.04100657431683072,0.01388438952487869,0.040046416640218185,0.05200344132569203,0.15688194392773047,0.08667306852696723,0.0,0.0
2025-05-05,0.21113494345980405,0.09719659104791116,0.0962204792090941,0.05922918262942897,0.11283118147359615,0.04116538825909299,0.013984733621301882,0.03953566857411134,0.052047581940214076,0.15582780762194257,0.08396647634724483,0.0,0.0
2025-05-06,0.21093326483967545,0.0973357059856346,0.09629366434924658,0.05910732172502788,0.1128478584652885,0.04117905005097002,0.01401220610165965,0.03969675808305903,0.05190720627370156,0.15606500458121494,0.08393547923257336,0.0,0.0
2025-05-07,0.2107397847862288,0.09747523535790978,0.09636500309317352,0.058985026207988435,0.11286315805988299,0.04119120922737424,0.0140398336152165,0.03985588144757634,0.05176627528557489,0.15632522135785207,0.0838909788591299,0.0052151421346418305,0.0
2025-05-08,0.2069808374098401,0.09841144710433114,0.0954258109090144,0.059140286476163054,0.1131156870074854,0.04057275928863067,0.013948308871405439,0.03916468301047251,0.05461221395190047,0.1541043940404113,0.07876277365733275,0.006157973344309919,0.0
2025-05-09,0.20665174648528115,0.09858202131783984,0.09550645450553474,0.059027472230242954,0.11314556527046568,0.0405914463281916,0.01397946230652342,0.03934592603120517,0.05449098920485013,0.1543808148752969,0.07874686319915586,0.006656474109610772,0.0
2025-05-12,0.20763942623815118,0.09757795518243542,0.09529668646197999,0.05946723488948296,0.11327364089217166,0.04053743117048746,0.013877306414500188,0.03888283344224596,0.05481202504833949,0.15359545398202268,0.07894956334444586,0.0,0.0
2025-05-13,0.20744840720608168,0.09771339973188028,0.09537487256390335,0.05933887199566089,0.11329728661787153,0.04055445904948719,0.013902444859432216,0.039043141739893435,0.054632376731897504,0.15386225375879492,0.07892878931269845,0.005265232609111872,0.0
2025-05-14,0.20725125497519528,0.09783919351294804,0.0954535217603074,0.059216372878263986,0.11332390502597547,0.040573145118558,0.013927592048694641,0.03920965115017192,0.05446917819345665,0.15413038746558996,0.07890477800003608,0.005817196412629431,0.0
2025-05-15,0.20705608088697244,0.09798032084363094,0.09553389371387978,0.05909525485252637,0.11334812100535946,0.04059083841451985,0.013956810972612232,0.03937548420478688,0.05431258760487335,0.15437110581071414,0.07887263504274716,0.00633730831287918,0.0
2025-05-16,0.2068643783905567,0.09813094750656103,0.09560918855473806,0.05897814885778774,0.1133752156186653,0.04060849592801247,0.013987703630980678,0.03954781028036939,0.05417180820599708,0.15459757868195462,0.0788283492486586,0.006813836258831332,0.0
2025-05-19,0.207981974094138,0.09714602608232835,0.09539463728310282,0.05941624139478507,0.11350278916720553,0.04055613234203669,0.013887995669572717,0.03907510794199306,0.05448510430629597,0.15377746671017084,0.0789749859945938,0.004861686665260298,0.0
2025-05-20,0.207780673668495,0.09730688290744406,0.0954732140847467,0.059300000747543664,0.11352940702377387,0.04057396792730159,0.01391857040860748,0.03923974285316212,0.05434631458478731,0.15399343037757277,0.07893024937774755,0.00541496153018206,0.0
2025-05-21,0.20758550405854267,0.09746936739929886,0.09554954121093633,0.05918350514387339,0.11355405274603052,0.04059032204014795,0.01394919947773953,0.03940217793848992,0.05420725975140821,0.15423270166225708,0.07887266908956034,0.005939983656624832,0.0
2025-05-22,0.19671373995971986,0.09425561466349132,0.09367237888878807,0.059916572875711414,0.11298503916286888,0.03998161621170886,0.013969690342749632,0.03882161620577133,0.05260256041890949,0.15256870998441824,0.07494215399501321,0.00575067202568309,0.0
2025-05-23,0.1963930291858135,0.09444342611693773,0.09375617394992869,0.05980892787948307,0.11302284462864051,0.04000430455570954,0.014003838002526067,0.0390057600049599,0.052494679951576355,0.15282634815768106,0.07491177727537218,0.006257463779628021,0.0
2025-05-26,0.19729731025704647,0.09356021070663181,0.09356150481869266,0.06027563915031075,0.11317066067729191,0.039963644463579195,0.013909433000343929,0.03855816674269237,0.05283255371523032,0.15200498554509698,0.07505800011844464,0.0,0.0
2025-05-27,0.19710103377301721,0.0937182952252523,0.0936411442655823,0.06015285920517863,0.11319950497701851,0.039984517085921774,0.013936971829121054,0.03872037408242444,0.05266944134054933,0.1522556682870925,0.07502249311019558,0.0,0.0
2025-05-28,0.19695041213572223,0.09348966984516395,0.09355240461790154,0.05973706999440332,0.11318838337090095,0.0401235165995124,0.014009520350017965,0.03905076572110269,0.053458454403764774,0.15234196114425008,0.0740284626675959,0.004998109956665078,0.0
2025-05-29,0.1951298436987059,0.09437492881877545,0.09123567390765676,0.06176606115291817,0.11404545638763229,0.03913463344131309,0.01381870239473729,0.03979482680922054,0.054727474757722105,0.15137153550306445,0.0756847685180664,0.0,0.0
2025-05-30,0.196496866648761,0.0943221880518217,0.09341837036959184,0.05983572357377073,0.1131607280513799,0.03983085036305751,0.013818164948074434,0.03924265230093492,0.05249294722500396,0.1532225582054056,0.0774816458712806,0.0,0.0
2025-06-02,0.19750509011576126,0.09331552763649753,0.09366878254825524,0.06027950163714987,0.11340130901874049,0.04000284254477704,0.01391480851874411,0.03877933364641671,0.052484233392900134,0.15219994574869272,0.07500287666207436,0.0,0.0
2025-06-03,0.19728934026472214,0.09350369855327081,0.09374581948525935,0.06016947581637825,0.11342778448325623,0.040023868295692315,0.01394653578341876,0.03894383756564338,0.05236192568692345,0.15240465294925382,0.07494429266447486,0.0,0.0
2025-06-04,0.197078337132572,0.09369416347757642,0.09382024297451869,0.06005917824374429,0.11345150097716447,0.04004331142449735,0.01397812794370488,0.03910586638269271,0.05223944547316709,0.15263296750949396,0.07487355940632524,0.005253288295072633,0.0
2025-06-05,0.2061222849911001,0.09595618365577671,0.09570889482225849,0.06086131494419797,0.11347347394262984,0.040847583373272135,0.014146648878283588,0.040345170033300334,0.048542639356933835,0.15091895086773338,0.07688770449397019,0.006113288053954198,0.0
2025-06-06,0.205757312089844,0.09618371094148477,0.09579318140801292,0.06075995222931692,0.11350895831088995,0.040873868144052666,0.014181742441351253,0.040536772539342604,0.04845396518488516,0.15116646548411003,0.07684016783893595,0.006576189990474224,0.0
2025-06-09,0.2049692052245264,0.09574101660934281,0.0929731477740721,0.06314429167378331,0.11443487140397511,0.03992887425241085,0.013908331160518062,0.04082897383723998,0.050984370032337176,0.14899365770896184,0.07770901499520413,0.0,0.0
2025-06-10,0.20637898478772573,0.09570820581951263,0.09519905057131621,0.06116746953199898,0.11354034061695938,0.040641319905553315,0.01390242220990104,0.04025228112132269,0.04887966855110539,0.1508489272541693,0.07956155100870133,0.0,0.0
2025-06-11,0.20612867315532332,0.09578423034835853,0.09574492334118197,0.06102990510844083,0.1136935085772575,0.04088979704122837,0.014141278460880785,0.040411540456767876,0.04853504145276617,0.1508223745892504,0.07683406792041934,0.0054695950037924245,0.0
2025-06-12,0.20588273233714616,0.09599122570019195,0.09582416401009718,0.06092024661921145,0.11371448126469955,0.04091380547870745,0.01417228054306233,0.04058366927456006,0.0484163835021097,0.15104132247632418,0.07677103787225352,0.005962776944768684,0.0
2025-06-13,0.20563844565945896,0.09620873429361253,0.09589756787765616,0.060814618868159045,0.1137368549843678,0.0409375197225117,0.014204608812401025,0.04076189649137378,0.048311923133184255,0.15124727832973903,0.07669641434761425,0.006425558319490566,0.0
2025-06-16,0.20657774844294838,0.09545572067311135,0.09567179793680865,0.06131136387703113,0.11384155545568196,0.040900762360449795,0.01410392859015504,0.0402729737871311,0.048655854173563585,0.15040387416704698,0.07674598869248857,0.0,0.0
2025-06-17,0.20631794309003945,0.09568603952615748,0.09574574635186468,0.061206071613417665,0.11385759012470101,0.040923494683360866,0.014134405440742223,0.040440923713527054,0.048553631984229885,0.15060312483240307,0.07667220483087292,0.0,0.0
2025-06-18,0.20611878361737987,0.09553193016999867,0.09564464356118313,0.06079589061102934,0.11382777777388227,0.04106370864107903,0.014210356188504468,0.0407755047335516,0.049314675471133655,0.15066145555183508,0.07561063979706081,0.004976215764460501,0.0
2025-06-19,0.21155321541919725,0.09497155016680266,0.0930613161518458,0.06137416247171746,0.11475102508106705,0.03968872754591087,0.01400533924163533,0.041316542751313586,0.05053324928531039,0.1469992627055823,0.07789425248548631,0.0,0.0
2025-06-20,0.21284142650860796,0.09500294039799044,0.09528962184323275,0.05947301476423004,0.11385384974662018,0.040399979791716396,0.014004483300347084,0.040752251930868,0.048508249457170714,0.14883132051825113,0.07974302846252465,0.0,0.0
2025-06-23,0.2136198619034975,0.0942171792359805,0.09553591678588175,0.05994984840334891,0.11407902393817301,0.04058976914413673,0.014114472987971551,0.0402570239838705,0.04866652787218646,0.14774023918459744,0.07713173585236872,0.0,0.0
2025-06-24,0.21334150018032014,0.09444793028305522,0.09560867863534668,0.059839844924519,0.11408807019239825,0.04061333293684664,0.014139248391165928,0.04042083490590771,0.04853806048848893,0.1479766577488219,0.07706891009601644,0.0,0.0
2025-06-25,0.21305548019877907,0.09467019729459168,0.09568104825328504,0.05973535893400075,0.1140981789131198,0.04063813849131793,0.014163514912156172,0.040590214151818994,0.04842417965239362,0.14821538335166085,0.07700368401354521,0.0,0.0
2025-06-26,0.21277039263187195,0.0949079957866546,0.09575432337033207,0.05963182935460687,0.11410396877086978,0.04066151873864999,0.014191403803461901,0.04075804022473301,0.048316122391883966,0.14842872389081457,0.07693135761129224,0.0,0.0
2025-06-27,0.2124880181949429,0.09515555698860997,0.09582172569037373,0.05953187032555938,0.1141107918797411,0.040684420855182035,0.014220476433157724,0.040931733236811735,0.04822205750458364,0.14862929898950977,0.07684810264222407,0.005122956647650207,0.0
2025-06-30,0.21337484691786954,0.09450232924715248,0.09557834480554976,0.06002623032086491,0.11416705202418116,0.040644810798563136,0.01410916162753039,0.040423846077434517,0.048595254400707534,0.14779488928079232,0.07687663749641173,0.0,0.0
2025-07-01,0.21309950860174642,0.09471357149721989,0.0956464378841205,0.05992703686699764,0.11414713560242612,0.04065981674066328,0.014117563403153354,0.04060126944861241,0.048403175432044365,0.14808109531395403,0.07683052976427308,0.0,0.0
2025-07-02,0.21281229651082598,0.09497147449160981,0.09571162308979204,0.059824901142625335,0.1141428433377735,0.04067905969275259,0.0141438656357563,0.04076074907699537,0.04831045295913641,0.14829806970992593,0.07673984863924883,0.0,0.0
2025-07-03,0.21121439170192166,0.09722575395099302,0.09766747672051093,0.06079252879193474,0.11433232146332135,0.04154949757165795,0.014305496738930818,0.04432982689871528,0.048379462343313626,0.15067709477030253,0.072076326006809,0.004902531655110038,0.0
2025-07-04,0.21078491808581024,0.09752001379752825,0.09774233507505367,0.06069773419734829,0.11433839816702246,0.04157499197095817,0.014334718047220982,0.044529086310974665,0.048311112238614576,0.1509194064074547,0.07201711535671719,0.005390213489237584,0.0
2025-07-07,0.21150551424036207,0.09689957411678773,0.09749961998853206,0.06121028185857528,0.11438302543565264,0.04153545746624454,0.014218414634127248,0.0439808339740872,0.04871423325189129,0.15007490721899133,0.07207602183594385,0.0,0.0
2025-07-08,0.21121482611736203,0.09715767085260767,0.09756873893432076,0.061096849062659594,0.1143746986353855,0.041557052339561966,0.014239200356328734,0.044151876723144454,0.04859403199767814,0.1503119977244152,0.07201776788315324,0.0,0.0
2025-07-09,0.21091823926228054,0.097405744189325,0.0976376372952561,0.06098860718567757,0.11436749572695458,0.041579778546148576,0.014259437733788209,0.04432876591529424,0.04848819523558728,0.15055122111187166,0.07195813507097952,0.0,0.0
2025-07-10,0.2106242855485279,0.0976684582750952,0.09770765438167528,0.06088090190063525,0.11435605841567122,0.04160091326372725,0.014283294894730547,0.04450372466891705,0.04838795221151039,0.15076443918503865,0.0718927395765079,0.0,0.0
2025-07-11,0.21033474913702777,0.0979398415876471,0.09777188814735095,0.060776405702443664,0.114345786694235,0.04162143213118974,0.014308324628497675,0.044684856839361846,0.048301486176419314,0.15096446295652322,0.07181800963043625,0.005072279070487574,0.0
2025-07-14,0.2111928938760538,0.0973079916430306,0.09751137861107566,0.06127106059027944,0.1143519394043169,0.04157150960440935,0.01418381309847179,0.04410422505786111,0.04869743865468568,0.15010452574075148,0.07185925893409857,0.0,0.0
2025-07-15,0.2108990076076077,0.09758272905418618,0.09757721510193845,0.06116356753352663,0.11433499780609346,0.04158986980918685,0.014206606654725087,0.04427248870720801,0.048611732244252366,0.1502967396439487,0.0717916658194045,0.0,0.0
2025-07-16,0.21061351160294423,0.0978573310951221,0.09764043692204431,0.06105470418220732,0.11431474063199162,0.041606128057281644,0.01422899525923399,0.044437156848134776,0.04852532216895009,0.15051211102538686,0.0717144762360867,0.0,0.0
2025-07-17,0.2141083389345488,0.09713733472744657,0.09882519547259994,0.06043538365639921,0.11476502900621144,0.04165589360447938,0.014252092282185914,0.04831629827830825,0.044537631012237316,0.15013354377464105,0.07062153830831226,0.0,0.0
2025-07-18,0.2136753072717364,0.09743698931815482,0.09889819741644579,0.06033577236150766,0.11475578860554159,0.04167786826724208,0.014277227771134236,0.048523095927781854,0.04448046010481779,0.15036967368359144,0.07057270565738709,0.005256571446790953,0.0
2025-07-21,0.2144234703119605,0.09682438815654419,0.09864621712274516,0.06082670070821535,0.11475695279399377,0.04162713002216748,0.014150023365533601,0.04789408733205645,0.04486779438010467,0.14951109519523567,0.07066320505909905,0.0,0.0
2025-07-22,0.21413815062400146,0.09708153123838284,0.09871463748262839,0.06070707651106341,0.11473494653849207,0.041644973961046286,0.014167097261354851,0.048069519118967265,0.044762055012686645,0.14974115002348048,0.07061870835419341,0.0,0.0
2025-07-23,0.21384852410145483,0.09732706165104614,0.09878314909030121,0.06059229574686276,0.11471455281151785,0.04166391306732888,0.014183719702931695,0.04825110605714504,0.04466931997000986,0.14997311658322288,0.07057366607015886,0.0,0.0
2025-07-24,0.21356320053606467,0.09758562182003169,0.09885310938660878,0.060477750072763285,0.11469041835711032,0.041681226576468604,0.014204043878797422,0.048430383248432525,0.04458151388052176,0.15017897612233885,0.07052375887486459,0.0,0.0
2025-07-25,0.21328394522515448,0.09785124511730825,0.09891753683140642,0.06036611154118563,0.11466797930640966,0.0416978999548521,0.014225641715191755,0.0486161715467874,0.04450617985439167,0.150371504649811,0.07046545845941636,0.005064421462032311,0.0
2025-07-28,0.2142066086438648,0.09719427188829155,0.09865420489781832,0.06083205111981014,0.11464105276570276,0.04163620420738576,0.014092830268849827,0.0479502641837788,0.044882887635752926,0.14949403527549474,0.07055551423979282,0.0,0.0
2025-07-29,0.21392894462523124,0.09745709948099728,0.09872151704119216,0.060716387148199526,0.11461419291406805,0.04165070852033383,0.014112744252908767,0.04812155360122685,0.04480743583916949,0.1496782528467036,0.07050709027427064,0.0,0.0
2025-07-30,0.21366111290969828,0.0977182706975643,0.09878649228742477,0.06059917929273765,0.11458461066629577,0.041663122035830794,0.014132395321723197,0.04828875057461511,0.04473112036288936,0.14988542500747176,0.07044987470714618,0.0,0.0
2025-07-31,0.2124891151043237,0.09744128297394371,0.1005325824115309,0.06271633115872224,0.1148316191621902,0.04168781862207097,0.01428102627250615,0.04813067238971328,0.04709298052432794,0.1527114046620853,0.05827660394949417,0.0,0.0
2025-08-01,0.212101945852638,0.09767912559361439,0.10060857228606312,0.06260521905131576,0.11479496486054436,0.041699627846347946,0.014285318630236483,0.04834243506942429,0.046938996880918286,0.15303951348887937,0.05827797925811133,0.0,0.0
2025-08-04,0.21292409591438405,0.09700979443002923,0.10035886875697586,0.0630840467507634,0.11477568330478811,0.04163767711819039,0.014152168793166216,0.04767979257936702,0.0473557746999781,0.1521429888043448,0.05840471542116176,0.0,0.0
2025-08-05,0.21266925027357253,0.09724650300084141,0.10043123608776662,0.0629496114888317,0.11474812100009102,0.041651899475609204,0.01416762239112689,0.04784225838531026,0.04724642634402339,0.1523695675384017,0.05838606875369676,0.0,0.0
2025-08-06,0.21241092872595135,0.09747031160643829,0.10050395607648879,0.06282017811596019,0.1147228044513542,0.04166727569255916,0.01418279332814989,0.04801069490014669,0.04715058772096797,0.1525981352115305,0.0583672968908757,0.0,0.0
2025-08-07,0.21215759859117,0.09770594504039609,0.10057839886013818,0.06269099241979434,0.11469437723112137,0.04168109020282666,0.014201836512958383,0.04817668116789096,0.04705973888461824,0.1528002090139169,0.058344790661989006,0.0,0.0
2025-08-08,0.21191093007780362,0.09794746796029286,0.10064744916674014,0.0625648489925118,0.11466827133920934,0.04169433399973439,0.01422232534608086,0.04834899589090775,0.04698184564442094,0.15298881693610972,0.05831558973796819,0.0,0.0
2025-08-11,0.21292374257364166,0.09721133779642381,0.10039123745896948,0.06301645405977822,0.11463402586089709,0.041622850001431275,0.01408730939361747,0.047649488894906625,0.04738321965516859,0.1520753157342816,0.058448579020299755,0.0,0.0
2025-08-12,0.21268058532091827,0.09744626278906579,0.10046401805711412,0.06288637139703816,0.11460592324913636,0.04163425816230615,0.014106819267160566,0.04780716788430811,0.04730440009962224,0.15225619150614397,0.05842823899140076,0.0,0.0
2025-08-13,0.21244739905348217,0.09767863175283739,0.10053458718136214,0.06275484659217578,0.11457567687315587,0.04164366776367167,0.014126238896257618,0.04796066699436398,0.04722446879718959,0.15246064642141255,0.058400666981313,0.0,0.0
2025-08-14,0.20814636473450424,0.09938083280663043,0.10455410087703541,0.06397344172815003,0.11503282594485618,0.04258461058855596,0.0151916477078011,0.04539264493073071,0.04548599287487229,0.15159213068132738,0.0504965684435026,0.0,0.0
2025-08-15,0.20778167659335928,0.09964050522620604,0.10463795322059467,0.06384798587433488,0.1150159284895112,0.04260030808741044,0.01521611292719528,0.04556361483918221,0.045430817220264035,0.15181733621540947,0.05049303731591932,0.0,0.0
2025-08-18,0.20868505931874565,0.09886323623007598,0.10439357713698558,0.06430740834369404,0.1150010794702203,0.04252906685799184,0.01507572840363936,0.04490350953842128,0.04583380731323465,0.1509130093038506,0.05065411681907505,0.0,0.0
2025-08-19,0.20846751927227467,0.09907211300001663,0.1044741155576011,0.06416126246760942,0.11497592901894468,0.042541161185577214,0.015093013378631098,0.045044644170675434,0.045727475246438276,0.1511335141648861,0.05065477920344318,0.0,0.0
2025-08-20,0.20824615614706535,0.0992674258132967,0.10455507216762734,0.06402054914812534,0.1149534798889602,0.04255454450773885,0.015110163234362843,0.045191340443516255,0.045634040493798794,0.15135639458084812,0.050655133157978975,0.0,0.0
2025-08-21,0.2080291873959187,0.09947443174839847,0.10463785391728612,0.06388044345942212,0.11492834132642835,0.042566444555753466,0.015131600552073677,0.045335677404592184,0.04554525933375991,0.15155342393430232,0.050652007155762756,0.0,0.0
2025-08-22,0.20781817137184527,0.09968715069378517,0.10471503957970439,0.06374381334996305,0.11490593166568468,0.04257787439800637,0.01515473601407201,0.04548592391369489,0.045468843339793605,0.15173754840484882,0.05064278919587765,0.0,0.0
2025-08-25,0.20890056446150018,0.09883917460269342,0.10446432938064738,0.06418175398398165,0.11488502843944494,0.04249928597091934,0.015015609036447488,0.044792941117451544,0.045853123979703155,0.15082567697566296,0.05080481132922413,0.0,0.0
2025-08-26,0.20869013644900214,0.0990452767048309,0.1045452407389482,0.06404271739409613,0.1148619666583063,0.042509298285476345,0.015038253809795085,0.04492962639935286,0.04577511790291263,0.15100415812454557,0.05080185102987598,0.0,0.0
2025-08-27,0.20848853319192456,0.0992488683832379,0.10462377194431553,0.06390268479460687,0.11483702292253611,0.042517381845177074,0.015060929887512946,0.04506238838072953,0.04569587244643002,0.15120657078464236,0.05079213620576769,0.0,0.0
2025-08-28,0.210796867121611,0.10013763297474233,0.10309222755684641,0.06136869149290299,0.11446234710494366,0.04281374663614849,0.014924323825891605,0.044706995312451696,0.04689223670699339,0.1532523510113473,0.049173474039758254,0.0,0.0
2025-08-29,0.21045297233485433,0.10036701548943865,0.10317970911229013,0.06124341176319442,0.11445133418968541,0.04282821657158148,0.014950539043701134,0.04486411686879083,0.04683306769562721,0.15348081283832135,0.04918284977005259,0.0048042351317798574,0.0
2025-09-01,0.21145605998876857,0.09944335012617697,0.10295231195267587,0.06167417795951882,0.11443563748852699,0.04274678450641036,0.01480038901848303,0.04419773535755398,0.04714352899470344,0.15266780519718087,0.04939633363966195,0.0,0.0
2025-09-02,0.21125633906653385,0.0996236268052159,0.1030358873240024,0.061531056783892944,0.11441694573875107,0.04275805259654486,0.01481986453535181,0.04432599525672889,0.04703119668692965,0.15289409393940162,0.0494074609956328,0.0,0.0
2025-09-03,0.21105135928108776,0.09979086847998778,0.10311968118031949,0.061393687591230574,0.11440099755625242,0.04277071479377008,0.01483927937362803,0.04445980672315812,0.04693198181379903,0.1531234224870151,0.04941761416408312,0.0,0.0
2025-09-04,0.21084940491158136,0.09997053690823149,0.10320506636967139,0.061257449526557026,0.1143823976428079,0.04278198176612375,0.014862969311738071,0.04459138675327755,0.04683740732117149,0.15332724070810402,0.049423668983997915,0.0,0.0
2025-09-05,0.2106520172872913,0.10015667938846015,0.10328470895012462,0.06112509799313038,0.11436650799924422,0.04279286858661959,0.014888384462183536,0.0447288802551673,0.046755405194959916,0.15351864910809543,0.04942304647183169,0.005272031046855496,0.0
2025-09-08,0.21178989445303784,0.09922814378530892,0.10304644298101981,0.06154439168328884,0.11436462163458731,0.0427126043132527,0.014759907914484104,0.04401814417187411,0.047139301998600745,0.1526151500152615,0.04960170028408507,0.0,0.0
2025-09-09,0.21158701582057007,0.099411545132035,0.10312872747554558,0.06141198763755139,0.11434776496825247,0.04272240121411008,0.014784946876438212,0.044143077270937366,0.04705506570960429,0.15280336667521727,0.049604019939418584,0.0,0.0
2025-09-10,0.21139147368660455,0.09959344676083706,0.10320838172953889,0.06127919745719601,0.11432888225595562,0.04273033323369711,0.01481003088315277,0.04426432024801768,0.04696942612225193,0.1530164362720925,0.04959888951317842,0.0,0.0
2025-09-11,0.2169697670882121,0.1015177981041966,0.10365315543027141,0.06210462538497026,0.11386077635288393,0.042031427361544624,0.014313767568094483,0.04424940315872854,0.04625589701630866,0.1490479817288638,0.048510759948757705,0.0,0.0
2025-09-12,0.21662157130805249,0.10172983056931571,0.10374271004103047,0.06198051243068344,0.11385536460875673,0.042045576219406175,0.014341597395355518,0.044396166599461176,0.04619314826367736,0.14927939594190404,0.04852254432982103,0.0,0.0
2025-09-15,0.21764245002699503,0.10078871126725794,0.1035168729188731,0.062425941343650856,0.11387407902316192,0.04197220714512733,0.014223879981886215,0.043696379826456556,0.046581030056887185,0.14842682860155218,0.04871426320426102,0.0,0.0
2025-09-16,0.21743596631641196,0.100956340456304,0.10360122278210489,0.06228606744756499,0.11385995478152353,0.04198342578337864,0.014245140606567277,0.04381561307737075,0.046465119121660695,0.14865819930505428,0.04872414282895655,0.0,0.0
2025-09-17,0.2172224090364857,0.10111211150135767,0.10368546248721053,0.06215255687665154,0.11384823494102128,0.04199605486133763,0.014266299413644903,0.043940584383952166,0.04636207223562913,0.14889306517588524,0.04873212538129403,0.0,0.0
2025-09-18,0.21701032434283837,0.10128185870472572,0.10377096947714218,0.062020721292569525,0.11383352967476525,0.04200735102793001,0.014291517895585028,0.044063613385804605,0.046263516786195454,0.14910364519801117,0.04873512323681141,0.0,0.0
2025-09-19,0.21680132250117717,0.10145957801927373,0.1038503677174335,0.06189333842694448,0.11382115571751171,0.042018306416846035,0.01431833847880574,0.044192761627298814,0.04617729005839412,0.1493026539079785,0.04873058936113561,0.005159421204362799,0.0
2025-09-22,0.2179452403742088,0.10049551758849072,0.10360676336624623,0.062341071648651464,0.11382723158746925,0.04194043920808977,0.01420141426738711,0.04347268994979081,0.04654000954265339,0.1484648890011903,0.0488892182856541,0.0,0.0
2025-09-23,0.2177243479681556,0.100676429082782,0.10368749106384467,0.06221567570557649,0.11381226495764518,0.041950408605807836,0.01422754837925344,0.043590800877807104,0.04645118895076624,0.1486624012634191,0.048883761987516074,0.0,0.0
2025-09-24,0.21750956102350205,0.10085731879828885,0.10376524760403727,0.06209033341583728,0.11379483918572003,0.04195855715248097,0.014253636722284916,0.04370560241348114,0.04636091808266059,0.1488844620533418,0.04887002087538382,0.0,0.0
2025-09-25,0.22061541399860465,0.0993562038639129,0.10121447887174978,0.061609159595539274,0.11344934736860494,0.04127587337580717,0.013890884628376208,0.04320825683188411,0.04700868374150205,0.14543790934181097,0.06693387748513609,0.005205914178595173,0.0
2025-09-26,0.2202447939634066,0.09956343415395931,0.10129903696809457,0.06149603796359411,0.11344440683499599,0.04129012984630277,0.013919593157325782,0.0433474308887292,0.04693895419476974,0.14567872035615073,0.06693568498576138,0.005771927394470503,0.0
2025-09-29,0.22122498044483896,0.09865035557013115,0.10106812054876498,0.06197070260565805,0.11346157273596995,0.041219136635656003,0.013809738688974074,0.04265428065461825,0.047314674160799625,0.1448927106562782,0.06714915561108131,0.0,0.0
2025-09-30,0.22099346338456585,0.09882002184392227,0.10114645217762976,0.06184349344364882,0.11344604582643039,0.041230485996772225,0.013831615347058906,0.04276816396224341,0.04719070115073954,0.14513422949573085,0.06714335001817619,0.0,0.0
2025-10-01,0.2207729043439677,0.09893207894553656,0.10122449706666689,0.061724950794761715,0.11341332489386471,0.0412369108521772,0.01383527417973249,0.04290379397275124,0.04698307526143166,0.1454700845779699,0.06716288475110785,0.004957884859197601,0.0
2025-10-02,0.2205930582557083,0.09870706755712633,0.10112141232979521,0.06129941117870924,0.11335398782417823,0.041368473842324276,0.013905541994713623,0.04320180264700068,0.04771238829405331,0.14553280792452125,0.06628978063629214,0.0052679160112345785,0.0
2025-10-03,0.21854467700139799,0.09965081641052179,0.09860291371065803,0.0633858699221649,0.11416880604942375,0.04033813326035198,0.013711989182094873,0.04396376569984991,0.04887818381850048,0.14460019135796134,0.06778557875838968,0.0,0.0
2025-10-06,0.22137988542502993,0.09838442095608906,0.1011227904488428,0.06197653037964078,0.11337554991417038,0.04118354503747874,0.013775991170371555,0.04244289016129778,0.04713159699155543,0.145130532246748,0.06725957459773736,0.0,0.0
2025-10-07,0.22112780151725425,0.09857662482442804,0.10119600878029417,0.06186540741962469,0.11335587806166594,0.04119350000453021,0.013801682325640104,0.04255869857342798,0.04703527063206423,0.1453391370017168,0.06722507312282168,0.0,0.0
2025-10-08,0.22088143251036532,0.09877010017318974,0.10126615628001313,0.061754452408313405,0.11333331422761059,0.04120163480106547,0.013827199058437408,0.04267172495506595,0.04693750910575993,0.1455716121699234,0.06717827466631744,0.005120009753094915,0.0
2025-10-09,0.21911602637556585,0.0988874418646724,0.09980024580134805,0.06093077671736667,0.11333527806455519,0.0410234117213408,0.013672319287162761,0.042814181897188906,0.04719526326777721,0.14581750485887607,0.0709953432481438,0.005386385406317026,0.0
2025-10-10,0.2187191524370911,0.0991124687125962,0.09987768893376672,0.0608326239127248,0.11332428428061227,0.04103764558544322,0.013700524895371909,0.04295394267322847,0.04711891770272685,0.14607390828815286,0.07096597424867641,0.005913501956346872,0.0
2025-10-13,0.2196045170282676,0.09826579293033501,0.09963166908573284,0.061344054126039646,0.11332090464457288,0.04096706504273547,0.013591493987498962,0.04227526237661947,0.047477149977080094,0.14532853001297136,0.07109345609227805,0.0,0.0
2025-10-14,0.21934523307295584,0.09845758674842778,0.09970263430158605,0.06123210302781449,0.11329783277397705,0.04097826506356019,0.013612478097291337,0.04239177078993218,0.04734656851578358,0.14558429760503802,0.07105299199564385,0.0,0.0
2025-10-15,0.219077911152797,0.09864025889058574,0.09977318543809015,0.061126614085816426,0.11327634537387243,0.04099078988900057,0.01363312844460685,0.04251469898780027,0.04722918134868539,0.1458432346465234,0.07100793776413054,0.004867982319594942,0.0
2025-10-16,0.21881133456199134,0.09883894865608235,0.0998446778064172,0.06102292933715295,0.11325110267214798,0.04100195927314116,0.013657421490119767,0.042636628607436215,0.047116467171587864,0.14607805116212746,0.07095389842678276,0.005398483242862351,0.0
2025-10-17,0.21854728801506892,0.09904774317984709,0.09991004587582913,0.060923731813211514,0.11322742057207436,0.04101273949409549,0.013683009087968384,0.042765371776583086,0.047016418230993576,0.14630111733424725,0.0708872849814689,0.005907172545575031,0.0
2025-10-20,0.21953716898665587,0.09822399431458045,0.09964163887744916,0.06144419459215861,0.11319508040211171,0.04093664404619449,0.013569760050075047,0.0420848986654161,0.047349275569796755,0.1455603520396177,0.0709287637245644,0.0,0.0
2025-10-21,0.21926002437356656,0.0984438356919927,0.09970768449592564,0.06134720771076791,0.11316609471170147,0.040946224800741914,0.013593776645719053,0.042206438883922254,0.04724701707513922,0.14577929762277492,0.07085524349707933,0.0,0.0
2025-10-22,0.21898927227775475,0.09866556457058717,0.09977079583261485,0.0612501153466852,0.11313407655512064,0.040953968736290994,0.013617528886539368,0.0423256827472544,0.047143475509077507,0.1460215412364799,0.07076867044486329,0.0,0.0
2025-10-23,0.21658058185438894,0.09919051006618128,0.09856606614249486,0.06047077039571155,0.11306364189504198,0.040578471275226465,0.013770520858245346,0.04170936285289583,0.04856930499327024,0.14658523563274145,0.07156449068920114,0.006353314253883592,0.0
2025-10-24,0.21616371401885381,0.099445784356653,0.0986368692357413,0.060385582356933094,0.11304297943238899,0.04059216437692055,0.013797369882141329,0.04185341231545524,0.04848555255163839,0.1468506635078578,0.07149714450701493,0.00678715912331149,0.0
2025-10-27,0.21697026633867894,0.09868583590760674,0.0983779019702755,0.06092832367062483,0.11301029549804527,0.04052108679055872,0.013682531268473738,0.0412177711797037,0.048839565543250966,0.1461196009837883,0.07151283534438697,0.0,0.0
2025-10-28,0.21669338243127034,0.09890870628443052,0.0984430289873358,0.060828083267847784,0.1129775469672129,0.040531718823995054,0.013701864162925025,0.04134069216209346,0.04870076536214868,0.14638124601274277,0.07143502979645032,0.005159669153063715,0.0
2025-10-29,0.2164097534885813,0.09912259145277494,0.09850796545395182,0.06073382729260436,0.11294645018500699,0.040543654273603194,0.013720812109080705,0.04147028810140102,0.048575768006983676,0.14664525058171698,0.07135299702475002,0.005651843382421081,0.0
2025-10-30,0.21612811073136795,0.09935268908469976,0.0985740663556596,0.06064091043901378,0.11291171331505948,0.04055424583292487,0.013743383802179796,0.04159931803180207,0.048455814075192456,0.14688415329769264,0.07126239729705068,0.006120825628205896,0.0
2025-10-31,0.21590840490564975,0.09919147377814122,0.09845714432290201,0.06025036127183578,0.11283659335581107,0.040682634321084446,0.013811741041015685,0.041909594307350674,0.04921083307730462,0.14694994766661118,0.07025306900350455,0.006327612267061122,0.0
2025-11-03,0.21680349047199662,0.09880685707675196,0.09835851263972292,0.06109764583036871,0.11280025464567747,0.040481694212734634,0.013629763639338674,0.04111920635620366,0.04858141878827433,0.14645729709173497,0.07112829934930853,0.0,0.0
2025-11-04,0.21651820706350408,0.09905735705922265,0.09842066029732624,0.06100896574353584,0.1127627973381135,0.0404907594833937,0.013651952216387653,0.04124951885774653,0.04847368606688438,0.14667590761238575,0.07102135059298505,0.004884595979913344,0.0
2025-11-05,0.21624073556909074,0.09930951519134117,0.09848023378113678,0.06091962549165972,0.11272261589994066,0.04049803056927556,0.013673878065188702,0.041377926466804,0.048364916769674735,0.14691703746700013,0.07090219174292034,0.005358039120812575,0.0
2025-11-06,0.20604063139896228,0.09999226064678901,0.09809224866679495,0.06162168696539447,0.11230233923824265,0.041083145735978634,0.013672510639887444,0.0412334287734226,0.04827073530960891,0.14801518513595902,0.06131079766395706,0.005926844574610285,0.0
2025-11-07,0.2056373186056713,0.10027798391594735,0.09816068035339924,0.061541050546835535,0.1122742461454647,0.04109667619601312,0.013697279250670994,0.041388199765297805,0.048185523360131564,0.1482787217107554,0.06122664821945442,0.006362539599838459,0.0
2025-11-10,0.2063932451472318,0.09959269637929395,0.09789905323545389,0.06210932170648016,0.11222149381881365,0.041023958476104044,0.013577879419831866,0.04079743694427564,0.04853315130454798,0.14752169029384088,0.06116596080722919,0.0,0.0
2025-11-11,0.2061290890367825,0.09984334275126774,0.09796330734850722,0.062010965911130145,0.11218311011733369,0.04103456641265914,0.013595364632084255,0.040932119486459986,0.04839443810829917,0.14777774263957758,0.06107663482549701,0.0,0.0
2025-11-12,0.20586002909441792,0.10008427801283548,0.09802775576433687,0.06191807976193788,0.11214686343734546,0.041046550064491365,0.013612525988395784,0.041073649035432425,0.048269759262518815,0.14803526248388643,0.0609847693917264,0.005032799524763033,0.0
2025-11-13,0.20559436320563027,0.10034089173979903,0.09809375223778721,0.061825924763009875,0.112107524342471,0.04105723414007266,0.01363334771358591,0.04121484157332715,0.04815041296270102,0.14826653965221945,0.060886698129328475,0.0055004026455495085,0.0
2025-11-14,0.20533380321534345,0.10060708955823658,0.09815437587460962,0.06173719960206209,0.11207041174531565,0.041067595007590545,0.013655498251521219,0.04136322670377891,0.04804457486738778,0.14848412664443875,0.06077945473707161,0.005949238722057499,0.0
2025-11-17,0.20624283361415302,0.09992529528660947,0.09788397519256899,0.06229351615679749,0.11200200066842335,0.04099058634262173,0.013532819138799843,0.04077819474187017,0.048377283523661455,0.14769567430771952,0.060674777416857735,0.0,0.0
2025-11-18,0.2059810615807351,0.10019822109394862,0.0979480166122384,0.062202502628348665,0.11196289536334783,0.04100010137538893,0.01355373690570101,0.04092112875269319,0.04827151447677976,0.14790221505253479,0.06056883304375883,0.0,0.0
2025-11-19,0.20572810022767773,0.10047188594612269,0.0980098930385227,0.062110181407142924,0.11192173077616804,0.04100788802665023,0.01357449920526587,0.04106228649213843,0.0481650467716673,0.1481306849790125,0.06045378361034343,0.0,0.0
2025-11-20,0.2098535948937738,0.10535572949390618,0.0978893977899087,0.06227795860693006,0.11211650990900479,0.04037074228159337,0.013563448678478588,0.04146414358566941,0.04829878014923435,0.1472656393710804,0.0649296776498045,0.0,0.0
2025-11-21,0.20945677864960108,0.10567406303322269,0.09796105307569837,0.06219396480781846,0.11208853058444412,0.04038464160591883,0.01358724763495235,0.04163373134217168,0.0482160548983688,0.14751185268741512,0.0648289442938719,0.004785952118406632,0.0
2025-11-24,0.2102765316684032,0.10499628773245259,0.09771228254861766,0.06275695276685835,0.11204024364968405,0.04031559572318297,0.013467273294509821,0.04108044981853485,0.04857365045520707,0.14670736935754525,0.06473852134747587,0.0,0.0
2025-11-25,0.2100263960554865,0.10527292277299312,0.09778125272023033,0.06265258765811581,0.11200480489913389,0.04032703743670288,0.013484373071931803,0.041229617297591274,0.04843875292739218,0.14694376465603248,0.06463820862654251,0.0,0.0
2025-11-26,0.20977233013312266,0.1055381279515312,0.09785077225144302,0.06255317275764675,0.11197222159441197,0.04033994314445984,0.013501291957060041,0.04138566117888894,0.048318224145334335,0.14718107635510616,0.06453671639718539,0.0,0.0
2025-11-27,0.20952272449770742,0.1058186549714021,0.09792218263174407,0.06245393471823031,0.11193727627314892,0.04035168640458562,0.01352198541296961,0.04154132616365263,0.048203351741826016,0.14739179754291254,0.06443016874666015,0.0,0.0
2025-11-28,0.20927925755589935,0.10610806245579478,0.09798856395908379,0.062357614950943795,0.11190528162884716,0.040363229222368624,0.013544144451496676,0.04170418233055224,0.04810231755073631,0.14758845751316424,0.06431542777823919,0.0,0.0
2025-12-01,0.21029582390928392,0.10535664224434278,0.09773807425065409,0.06289808843981037,0.11183768644149654,0.040286182960331526,0.013406485772933073,0.04116766399700972,0.04835276475156261,0.1468358908308025,0.06423779726120878,0.0,0.0
2025-12-02,0.2100543247953193,0.10564792140628407,0.09780904219021977,0.06279732838855377,0.11180660443237816,0.04029737612764778,0.01342800117186402,0.04132432433519264,0.04825329413265697,0.1470205491915663,0.06413039439549016,0.0,0.0
2025-12-03,0.20982237721038494,0.10593872298020417,0.09787811152836562,0.06269478915400169,0.11177417627985749,0.04030699556968428,0.013449519511488631,0.041479029512474244,0.04815341211350246,0.14722679202546754,0.06401482657060445,0.0,0.0
2025-12-04,0.21210994716819595,0.10635633949069992,0.09787028968243135,0.06209071364111096,0.11206199449955441,0.040029080894593054,0.013462425583237667,0.04234036966756246,0.04775389139410084,0.1475941210241043,0.06421171398888942,0.0,0.0
2025-12-05,0.21173613920240478,0.10667742316007638,0.09794967252566769,0.06199683700983826,0.11204413607853411,0.04004506441144149,0.013487308938173629,0.042525435090214427,0.04767918179240742,0.1478197747245021,0.06412131182241904,0.0,0.0
2025-12-08,0.21264895290909677,0.10598500965530994,0.09772521944986731,0.06252490635126888,0.11203024574417962,0.039983937397929555,0.013372884497598188,0.04199361815754128,0.04805592483467791,0.14695085067411906,0.06406818046259191,0.0,0.0
2025-12-09,0.2124243816036211,0.10625910260841828,0.09780260852670145,0.0624091593508303,0.11200757065176623,0.039997977782883894,0.013391723350676123,0.042156557604855024,0.047930697828591,0.14716693410482848,0.0639838198205745,0.0,0.0
2025-12-10,0.2121958052854475,0.10652046431232204,0.09788067817081815,0.06229805038393801,0.11198836595024371,0.040013592992576535,0.013410534644639293,0.04232623296642246,0.04781990110820831,0.1473840827579387,0.06389962113117187,0.0,0.0
2025-12-11,0.21197162108575818,0.10679611316568528,0.09796074906461831,0.062186849342091205,0.11196739297601901,0.040028176420144466,0.01343324570344875,0.04249520800604977,0.04771490588633097,0.14757480974446988,0.06381171260557554,0.0,0.0
2025-12-12,0.21175343916632403,0.10707956506052631,0.09803587647214364,0.062078311240118554,0.11194994322841517,0.040042680295620164,0.01345756169038998,0.042671209106199044,0.04762380304343224,0.14775172378622922,0.0637169467934379,0.0,0.0
2025-12-15,0.21284656167279262,0.10634019712700303,0.09781149845665976,0.06257461052072705,0.11194804895780104,0.03998217007182406,0.013345768374469102,0.04213210058482576,0.04799850079708413,0.14684940747777003,0.06367654761740885,0.0,0.0
2025-12-16,0.21262889449414935,0.10662146543411338,0.09789129586593094,0.06246076951012657,0.1119335495332033,0.039996770893805766,0.013369997596427985,0.042300011127297754,0.04790953103080399,0.14701598839806843,0.06359382668424876,0.0,0.0
2025-12-17,0.21242024515524818,0.10690123551250709,0.09796916517479165,0.06234504774376788,0.11191814119018612,0.04000991398321742,0.013394358729308943,0.04246551264273161,0.047820284058404064,0.14720468576210352,0.06350406699478332,0.0,0.0
2025-12-18,0.21719160341512198,0.11011080543934872,0.10093155221486434,0.0642367208034606,0.11162143696691035,0.040199477120784116,0.013469098669706789,0.042768857521247206,0.049936021689543066,0.14711315248416187,0.04852464769891073,0.0,0.0
2025-12-19,0.21683404671977713,0.11042722428156636,0.10102227392746775,0.06412523035871076,0.11162145678220771,0.04021933579517886,0.01349717623350603,0.04296205082536586,0.049868556068829506,0.14732182521932072,0.04847692505570735,0.0,0.0
2025-12-22,0.2178392321862008,0.1096578864987211,0.10081649992923307,0.06462758284439507,0.11166301820368733,0.04016986555242936,0.013392721992857673,0.042440322745887715,0.05029557035248574,0.14641190341464203,0.04850299225072714,0.0,0.0
2025-12-23,0.2176304963907003,0.10992241786047181,0.10090457394026627,0.06449332069432068,0.11165942596872075,0.040188102402612405,0.013415119038135363,0.042609178689403865,0.05017566235359277,0.14661419188082406,0.04846255789702298,0.0,0.0
2025-12-24,0.21747498090401726,0.10972882925522012,0.10081168504578589,0.06404332313161591,0.11161787821787712,0.0403251355967966,0.013481026330857713,0.04296293048635175,0.05096326418470343,0.14665829967799743,0.0478058626380287,0.0,0.0
2025-12-29,0.2181723353569337,0.10987619611872693,0.10095482139536947,0.06458441978118719,0.1117123466162573,0.04019644295590073,0.013393356464210537,0.042588895149887424,0.05031380999212424,0.1461969459562133,0.04839120660834742,0.0,0.0
2025-12-30,0.2179661933698176,0.11013990072525053,0.10104104118082814,0.06445355032549642,0.11171999346731057,0.040216629191484804,0.013422458981415529,0.0427672944316021,0.050232172997420055,0.146362024562432,0.04835255671804766,0.0,0.0
2025-12-31,0.21775733440841225,0.11041199387906171,0.10112310080152341,0.06431847337196812,0.1117227521404495,0.04023545504053377,0.013450869153913771,0.04293980495841732,0.050153637091349686,0.14655818037336346,0.048308561794760896,0.0,0.0
