rolling_block,n_targets,n_unique_cutoffs,cutoff_date,target_start,target_end,min_lead,max_lead,one_common_cutoff,cutoff_before_block
1,10,1,2024-12-31,2025-01-01,2025-01-14,1,10,True,True
2,10,1,2025-01-14,2025-01-15,2025-01-28,1,10,True,True
3,10,1,2025-01-28,2025-01-29,2025-02-11,1,10,True,True
4,10,1,2025-02-11,2025-02-12,2025-02-25,1,10,True,True
5,10,1,2025-02-25,2025-02-26,2025-03-11,1,10,True,True
6,10,1,2025-03-11,2025-03-12,2025-03-25,1,10,True,True
7,10,1,2025-03-25,2025-03-26,2025-04-08,1,10,True,True
8,10,1,2025-04-08,2025-04-09,2025-04-23,1,10,True,True
9,10,1,2025-04-23,2025-04-24,2025-05-07,1,10,True,True
10,10,1,2025-05-07,2025-05-08,2025-05-21,1,10,True,True
11,10,1,2025-05-21,2025-05-22,2025-06-04,1,10,True,True
12,10,1,2025-06-04,2025-06-05,2025-06-18,1,10,True,True
13,10,1,2025-06-18,2025-06-19,2025-07-02,1,10,True,True
14,10,1,2025-07-02,2025-07-03,2025-07-16,1,10,True,True
15,10,1,2025-07-16,2025-07-17,2025-07-30,1,10,True,True
16,10,1,2025-07-30,2025-07-31,2025-08-13,1,10,True,True
17,10,1,2025-08-13,2025-08-14,2025-08-27,1,10,True,True
18,10,1,2025-08-27,2025-08-28,2025-09-10,1,10,True,True
19,10,1,2025-09-10,2025-09-11,2025-09-24,1,10,True,True
20,10,1,2025-09-24,2025-09-25,2025-10-08,1,10,True,True
21,10,1,2025-10-08,2025-10-09,2025-10-22,1,10,True,True
22,10,1,2025-10-22,2025-10-23,2025-11-05,1,10,True,True
23,10,1,2025-11-05,2025-11-06,2025-11-19,1,10,True,True
24,10,1,2025-11-19,2025-11-20,2025-12-03,1,10,True,True
25,10,1,2025-12-03,2025-12-04,2025-12-17,1,10,True,True
26,8,1,2025-12-17,2025-12-18,2025-12-31,1,8,True,True
